"MyNumber","Collections","ID","sciname","Label","Station","Notes","Muscle","Otolith","Lat_dec.x","Long_dec.x","Year.x","Min.Depth","Max.Depth","Salinity","SST","Weight","Weight_SD","Sex","Year.y","Lat_dec.y","Long_dec.y","Min_Depth","Max_Depth","Temp","DIC","Suess","Depth_Mid","D18O_vals","Province","Phyto","Phyto_sd"
"BAS_19","BAS","#113","Electrona antarctica","ELN","JR15004/91/1",NA,1,"Y",-60.2326,-46.1921,2016,NA,NA,NA,NA,5,0,"F",2016,-60.23,-46.19,700,1000,NA,1.8,-0.08,850,-0.120896734,"APLR",-30,0.5
"BAS_21","BAS","134","Electrona antarctica","ELN","JR15004/65/2",NA,2,"Y",-60.0345,-46.5806,2016,NA,NA,NA,NA,5,0,"M",2016,-60.03,-46.58,400,700,NA,1.8,-0.08,550,-0.121972002,"APLR",-30,0.5
"BAS_31","BAS","#125","Electrona antarctica","ELN","JR15004/72/1",NA,1,"Y",-60.0737,-46.0612,2016,NA,NA,NA,NA,4.4,0,"F",2016,-60.07,-46.06,700,1000,NA,1.8,-0.08,850,-0.120896734,"APLR",-30,0.5
"BAS_32","BAS","#126","Electrona antarctica","ELN","JR15004/72/1",NA,1,"Y",-60.0737,-46.0612,2016,NA,NA,NA,NA,10,0,"F",2016,-60.07,-46.06,700,1000,NA,1.8,-0.08,850,-0.120896734,"APLR",-30,0.5
"BAS_33","BAS","#127","Electrona antarctica","ELN","JR15004/72/1",NA,1,"Y",-60.0737,-46.0612,2016,NA,NA,NA,NA,6.6,0,"F",2016,-60.07,-46.06,700,1000,NA,1.8,-0.08,850,-0.120896734,"APLR",-30,0.5
"BAS_35","BAS","#128","Electrona antarctica","ELN","JR15004/72/1",NA,1,"Y",-60.0737,-46.0612,2016,NA,NA,NA,NA,6.6,0,"M",2016,-60.07,-46.06,700,1000,NA,1.8,-0.08,850,-0.120896734,"APLR",-30,0.5
"BAS_36","BAS","#130","Electrona antarctica","ELN","JR15004/82/1",NA,1,"Y",-60.3158,-46.4933,2016,NA,NA,NA,NA,6.9,0,"M",2016,-60.32,-46.49,63,63,NA,1.8,-0.08,63,-0.326009512,"APLR",-30,0.5
"BAS_37","BAS","64","Electrona antarctica","ELN","JR177/199/2",NA,1,"Y",-58.01,-43.05,2008,NA,NA,NA,NA,6.6,0,"M",2008,-58.01,-43.12,204.4,414.5,NA,1.8,-0.08,309.45,-0.170474783,"ANTA",-29,1
"BAS_38","BAS","43","Electrona antarctica","ELN","JR177/205/1",NA,1,"Y",-58.02,-42.97,2008,NA,NA,NA,NA,9,0,"F",2008,-58.02,-42.97,704.2,1003,NA,1.8,-0.08,853.6,-0.120874882,"ANTA",-29,1
"BAS_42","BAS","#58","Electrona antarctica","ELN","JR177/199/2",NA,1,"Y",-58.01,-43.05,2008,NA,NA,NA,NA,4.8,0,"M",2008,-58.01,-43.12,204.4,414.5,NA,1.8,-0.08,309.45,-0.170474783,"ANTA",-29,1
"BAS_52","BAS","#114","Electrona antarctica","ELN","JR15004/91/1",NA,1,"Y",-60.2326,-46.1921,2016,NA,NA,NA,NA,5.3,0,"M",2016,-60.23,-46.19,700,1000,NA,1.8,-0.08,850,-0.120896734,"APLR",-30,0.5
"BAS_59","BAS","57","Electrona antarctica","ELN","JR16003/39/1","RAS",1,"Y",-54.99,-49.105,2016,NA,NA,NA,NA,6.1,0,"F",2016,-53.5,-39.25,19,202,NA,1.9,-0.1,110.5,-0.372505248,"ANTA",-29,1
"BAS_60","BAS","6","Electrona antarctica","ELN","JR16003/113/1","RYAN",1,"Y",-54.99,-49.105,2016,NA,NA,NA,NA,1.8,0,"M",2017,-55.29,-41.35,196.7,398,2.06,1.85,-0.09,297.35,-0.055642206,"ANTA",-29,1
"BAS_61","BAS","55","Electrona antarctica","ELN","JR16003/39/2","RAS",NA,"Y",-54.99,-49.105,2016,NA,NA,NA,NA,6.8,5.9,"F",2016,-53.53,-39.25,15,209,NA,1.9,-0.1,112,-0.225334823,"ANTA",-29,1
"BAS_62","BAS","8","Electrona antarctica","ELN","JR16003/129/2","RYAN",1,"Y",-54.99,-49.105,2016,NA,NA,NA,NA,6.2,0,"M",2017,-54.66,-45.2,82,208,0,1.85,-0.1,145,-0.371859103,"SANT",-24,2
"BAS_65","BAS","11","Electrona antarctica","ELN","JR16003/113/1","RYAN",1,"Y",-54.99,-49.105,2016,NA,NA,NA,NA,1.3,0,"M",2017,-55.29,-41.35,196.7,398,2.06,1.85,-0.09,297.35,-0.055642206,"ANTA",-29,1
"BAS_67","BAS","4","Electrona antarctica","ELN","JR16003/113/2","RYAN",1,"Y",-54.99,-49.105,2016,NA,NA,NA,NA,3.3,0,"M",2017,-55.3,-41.36,27.7,210.6,0.6,1.85,-0.1,119.15,-0.372243345,"ANTA",-29,1
"BAS_69","BAS","3","Electrona antarctica","ELN","JR16003/146/2","RYAN",1,"Y",-54.99,-49.105,2016,NA,NA,NA,NA,6,0,"M",2017,-53.95,-49.19,398.3,707.9,2.74,1.9,-0.1,553.1,-0.021559155,"SANT",-24,2
"BAS_71","BAS","2","Electrona antarctica","ELN","JR16003/112/2","RYAN",1,"Y",-54.99,-49.105,2016,NA,NA,NA,NA,7.7,0,"F",2016,-55.26,-41.2,NA,NA,NA,1.85,-0.09,NA,-0.372243345,"ANTA",-29,1
"BAS_72","BAS","5","Electrona antarctica","ELN","JR16003/129/2","RYAN",1,"Y",-54.99,-49.105,2016,NA,NA,NA,NA,6.1,0,"F",2017,-54.66,-45.2,82,208,0,1.85,-0.1,145,-0.371859103,"SANT",-24,2
"BAS_73","BAS","158","Electrona carlsbergi","ELC","JR177/357/1",NA,1,"Y",-50.55,-34.05,2008,NA,NA,NA,NA,4.8,0,"M",2008,-50.55,-34.05,3.8,206.8,NA,1.95,-0.1,105.3,-0.366572708,"SANT",-24,2
"BAS_74","BAS","201","Electrona carlsbergi","ELC","JR38/185/1",NA,NA,"Y",-55.23,-36.15,1998,NA,NA,NA,NA,6.3,0,"M",1998,-53.34,-39.13,NA,NA,NA,1.9,-0.1,NA,-0.372505248,"ANTA",-29,1
"BAS_75","BAS","148","Electrona carlsbergi","ELC","JR177/357/1",NA,1,"Y",-50.55,-34.05,2008,NA,NA,NA,NA,5.2,0,"U",2008,-50.55,-34.05,3.8,206.8,NA,1.95,-0.1,105.3,-0.366572708,"SANT",-24,2
"BAS_76","BAS","150","Electrona carlsbergi","ELC","JR177/357/1",NA,2,"Y",-50.55,-34.05,2008,NA,NA,NA,NA,5.5,0.3,"U",2008,-50.55,-34.05,3.8,206.8,NA,1.95,-0.1,105.3,-0.366572708,"SANT",-24,2
"BAS_77","BAS","145","Electrona carlsbergi","ELC","JR177/357/1",NA,1,"Y",-50.55,-34.05,2008,NA,NA,NA,NA,6,0,"U",2008,-50.55,-34.05,3.8,206.8,NA,1.95,-0.1,105.3,-0.366572708,"SANT",-24,2
"BAS_78","BAS","146","Electrona carlsbergi","ELC","JR177/357/1",NA,1,"Y",-50.55,-34.05,2008,NA,NA,NA,NA,6.4,0,"U",2008,-50.55,-34.05,3.8,206.8,NA,1.95,-0.1,105.3,-0.366572708,"SANT",-24,2
"BAS_79","BAS","152","Electrona carlsbergi","ELC","JR177/357/1",NA,2,"Y",-50.55,-34.05,2008,NA,NA,NA,NA,5.9,1.2,"U",2008,-50.55,-34.05,3.8,206.8,NA,1.95,-0.1,105.3,-0.366572708,"SANT",-24,2
"BAS_80","BAS","151","Electrona carlsbergi","ELC","JR177/357/1",NA,2,"Y",-50.55,-34.05,2008,NA,NA,NA,NA,5.75,0.05,"U",2008,-50.55,-34.05,3.8,206.8,NA,1.95,-0.1,105.3,-0.366572708,"SANT",-24,2
"BAS_81","BAS","147","Electrona carlsbergi","ELC","JR177/357/1",NA,1,"Y",-50.55,-34.05,2008,NA,NA,NA,NA,5.8,0,"U",2008,-50.55,-34.05,3.8,206.8,NA,1.95,-0.1,105.3,-0.366572708,"SANT",-24,2
"BAS_82","BAS","149","Electrona carlsbergi","ELC","JR177/357/1",NA,2,"Y",-50.55,-34.05,2008,NA,NA,NA,NA,5.35,0.05,"U",2008,-50.55,-34.05,3.8,206.8,NA,1.95,-0.1,105.3,-0.366572708,"SANT",-24,2
"BAS_83","BAS","149","Electrona carlsbergi","ELC","JR177/357/1",NA,2,"Y",-50.55,-34.05,2008,NA,NA,NA,NA,5.35,0.05,"U",2008,-50.55,-34.05,3.8,206.8,NA,1.95,-0.1,105.3,-0.366572708,"SANT",-24,2
"BAS_84","BAS","150","Electrona carlsbergi","ELC","JR177/357/1",NA,2,"Y",-50.55,-34.05,2008,NA,NA,NA,NA,5.5,0.3,"U",2008,-50.55,-34.05,3.8,206.8,NA,1.95,-0.1,105.3,-0.366572708,"SANT",-24,2
"BAS_85","BAS","151","Electrona carlsbergi","ELC","JR177/357/1",NA,2,"Y",-50.55,-34.05,2008,NA,NA,NA,NA,5.75,0.05,"U",2008,-50.55,-34.05,3.8,206.8,NA,1.95,-0.1,105.3,-0.366572708,"SANT",-24,2
"BAS_86","BAS","155","Electrona carlsbergi","ELC","JR177/357/1",NA,1,"Y",-50.55,-34.05,2008,NA,NA,NA,NA,5.6,0,"M",2008,-50.55,-34.05,3.8,206.8,NA,1.95,-0.1,105.3,-0.366572708,"SANT",-24,2
"BAS_87","BAS","153","Electrona carlsbergi","ELC","JR177/357/1",NA,1,"Y",-50.55,-34.05,2008,NA,NA,NA,NA,7.4,0,"M",2008,-50.55,-34.05,3.8,206.8,NA,1.95,-0.1,105.3,-0.366572708,"SANT",-24,2
"BAS_88","BAS","154","Electrona carlsbergi","ELC","JR177/357/1",NA,NA,"Y",-50.55,-34.05,2008,NA,NA,NA,NA,7.7,0,"M",2008,-50.55,-34.05,3.8,206.8,NA,1.95,-0.1,105.3,-0.366572708,"SANT",-24,2
"BAS_89","BAS","157","Electrona carlsbergi","ELC","JR177/357/1",NA,1,"Y",-50.55,-34.05,2008,NA,NA,NA,NA,5.8,0,"F",2008,-50.55,-34.05,3.8,206.8,NA,1.95,-0.1,105.3,-0.366572708,"SANT",-24,2
"BAS_90","BAS","103","Gymnoscopelus braueri","GYR","JR15004/66/1",NA,1,"Y",-60.0328,-46.6157,2016,NA,NA,NA,NA,8.7,0,"M",2016,-60.03,-46.62,200,400,NA,1.8,-0.08,300,-0.261639535,"APLR",-30,0.5
"BAS_91","BAS","117","Gymnoscopelus braueri","GYR","JR15004/60/1",NA,1,"Y",-59.9641,-47.1774,2016,NA,NA,NA,NA,8.6,0,"M",2016,-59.96,-47.18,700,1000,NA,1.8,-0.08,850,-0.120896734,"APLR",-30,0.5
"BAS_93","BAS","#113","Gymnoscopelus braueri","GYR","JR15004/96/1",NA,1,"Y",-60.3073,-46.7017,2016,NA,NA,NA,NA,15.6,0,"F",2016,-60.31,-46.31,200,400,NA,1.8,-0.08,300,-0.261639535,"APLR",-30,0.5
"BAS_94","BAS","114","Gymnoscopelus braueri","GYR","JR15004/96/1",NA,1,"Y",-60.3073,-46.7017,2016,NA,NA,NA,NA,16.3,0,"M",2016,-60.31,-46.31,200,400,NA,1.8,-0.08,300,-0.261639535,"APLR",-30,0.5
"BAS_95","BAS","#111","Gymnoscopelus braueri","GYR","JR15004/96/1",NA,1,"Y",-60.3073,-46.7017,2016,NA,NA,NA,NA,10.4,0,"J",2016,-60.31,-46.31,200,400,NA,1.8,-0.08,300,-0.261639535,"APLR",-30,0.5
"BAS_96","BAS","22","Gymnoscopelus braueri","GYR","JR177/305/2",NA,2,"Y",-52.86,-40.1,2008,NA,NA,NA,NA,6.4,0,"F",2008,-52.86,-40.1,15.5,206,NA,1.9,-0.1,110.75,-0.372630805,"SANT",-24,2
"BAS_97","BAS","24","Gymnoscopelus braueri","GYR","JR177/305/2",NA,1,"Y",-52.86,-40.1,2008,NA,NA,NA,NA,3.5,0,"J",2008,-52.86,-40.1,15.5,206,NA,1.9,-0.1,110.75,-0.372630805,"SANT",-24,2
"BAS_98","BAS","#108","Gymnoscopelus braueri","GYR","JR15004/96/1",NA,1,"Y",-60.3073,-46.7017,2016,NA,NA,NA,NA,8.4,0,"F",2016,-60.31,-46.31,200,400,NA,1.8,-0.08,300,-0.261639535,"APLR",-30,0.5
"BAS_99","BAS","25","Gymnoscopelus braueri","GYR","JR177/305/2",NA,1,"Y",-52.86,-40.1,2008,NA,NA,NA,NA,5,0,"J",2008,-52.86,-40.1,15.5,206,NA,1.9,-0.1,110.75,-0.372630805,"SANT",-24,2
"BAS_100","BAS","27","Gymnoscopelus braueri","GYR","JR177/305/2",NA,1,"Y",-52.86,-40.1,2008,NA,NA,NA,NA,5.9,0,"J",2008,-52.86,-40.1,15.5,206,NA,1.9,-0.1,110.75,-0.372630805,"SANT",-24,2
"BAS_101","BAS","28","Gymnoscopelus braueri","GYR","JR177/305/2",NA,1,"Y",-52.86,-40.1,2008,NA,NA,NA,NA,9.4,0,"J",2008,-52.86,-40.1,15.5,206,NA,1.9,-0.1,110.75,-0.372630805,"SANT",-24,2
"BAS_102","BAS","20","Gymnoscopelus braueri","GYR","JR177/305/2",NA,1,"Y",-52.86,-40.1,2008,NA,NA,NA,NA,20.7,0,"M",2008,-52.86,-40.1,15.5,206,NA,1.9,-0.1,110.75,-0.372630805,"SANT",-24,2
"BAS_103","BAS","#109","Gymnoscopelus braueri","GYR","JR15004/96/1",NA,1,"Y",-60.3073,-46.7017,2016,NA,NA,NA,NA,6.2,0,"J",2016,-60.31,-46.31,200,400,NA,1.8,-0.08,300,-0.261639535,"APLR",-30,0.5
"BAS_104","BAS","#110","Gymnoscopelus braueri","GYR","JR15004/96/1",NA,1,"Y",-60.3073,-46.7017,2016,NA,NA,NA,NA,14.1,0,"F",2016,-60.31,-46.31,200,400,NA,1.8,-0.08,300,-0.261639535,"APLR",-30,0.5
"BAS_105","BAS","116","Gymnoscopelus braueri","GYR","JR15004/60/1",NA,1,"Y",-59.9641,-47.1774,2016,NA,NA,NA,NA,11.3,0,"M",2016,-59.96,-47.18,700,1000,NA,1.8,-0.08,850,-0.120896734,"APLR",-30,0.5
"BAS_106","BAS","107","Gymnoscopelus braueri","GYR","JR15004/66/1",NA,1,"Y",-60.0328,-46.6157,2016,NA,NA,NA,NA,13.9,0,"F",2016,-60.03,-46.62,200,400,NA,1.8,-0.08,300,-0.261639535,"APLR",-30,0.5
"BAS_107","BAS","21","Gymnoscopelus braueri","GYR","JR177/305/2",NA,1,"Y",-52.86,-40.1,2008,NA,NA,NA,NA,6.4,0,"F",2008,-52.86,-40.1,15.5,206,NA,1.9,-0.1,110.75,-0.372630805,"SANT",-24,2
"BAS_110","BAS","102","Gymnoscopelus braueri","GYR","JR15004/73/1",NA,1,"Y",-60.1027,-46.0406,2016,NA,NA,NA,NA,13.9,0,"M",2016,-60.1,-46.04,200,400,NA,1.8,-0.08,300,-0.261639535,"APLR",-30,0.5
"BAS_111","BAS","101","Gymnoscopelus braueri","GYR","JR15004/73/1",NA,1,"Y",-60.1027,-46.0406,2016,NA,NA,NA,NA,16.1,0,"F",2016,-60.1,-46.04,200,400,NA,1.8,-0.08,300,-0.261639535,"APLR",-30,0.5
"BAS_112","BAS","#112","Gymnoscopelus braueri","GYR","JR15004/96/1",NA,1,"Y",-60.3073,-46.7017,2016,NA,NA,NA,NA,10.4,0,"J",2016,-60.31,-46.31,200,400,NA,1.8,-0.08,300,-0.261639535,"APLR",-30,0.5
"BAS_92","BAS","118","Gymnoscopelus nicholsi","GYN","JR15004/96/2",NA,NA,"Y",-60.3073,-46.7017,2016,NA,NA,NA,NA,29.5,0,"M",2016,-60.31,-46.31,0,200,NA,1.8,-0.08,100,-0.326009512,"APLR",-30,0.5
"BAS_120","BAS","119","Gymnoscopelus nicholsi","GYN","JR15004/96/2",NA,1,"Y",-60.3073,-46.7017,2016,NA,NA,NA,NA,30.1,0,"M",2016,-60.31,-46.31,0,200,NA,1.8,-0.08,100,-0.326009512,"APLR",-30,0.5
"BAS_121","BAS","123","Gymnoscopelus nicholsi","GYN","JR15004/96/2",NA,1,"Y",-60.3073,-46.7017,2016,NA,NA,NA,NA,25.1,0,"M",2016,-60.31,-46.31,0,200,NA,1.8,-0.08,100,-0.326009512,"APLR",-30,0.5
"BAS_122","BAS","126","Gymnoscopelus nicholsi","GYN","JR15004/96/2",NA,1,"Y",-60.3073,-46.7017,2016,NA,NA,NA,NA,38.7,0,"M",2016,-60.31,-46.31,0,200,NA,1.8,-0.08,100,-0.326009512,"APLR",-30,0.5
"BAS_123","BAS","124","Gymnoscopelus nicholsi","GYN","JR15004/96/2",NA,1,"Y",-60.3073,-46.7017,2016,NA,NA,NA,NA,25.3,0,"M",2016,-60.31,-46.31,0,200,NA,1.8,-0.08,100,-0.326009512,"APLR",-30,0.5
"BAS_124","BAS","122","Gymnoscopelus nicholsi","GYN","JR15004/96/2",NA,1,"Y",-60.3073,-46.7017,2016,NA,NA,NA,NA,21,0,"M",2016,-60.31,-46.31,0,200,NA,1.8,-0.08,100,-0.326009512,"APLR",-30,0.5
"BAS_125","BAS","125","Gymnoscopelus nicholsi","GYN","JR15004/96/2",NA,1,"Y",-60.3073,-46.7017,2016,NA,NA,NA,NA,32.2,0,"M",2016,-60.31,-46.31,0,200,NA,1.8,-0.08,100,-0.326009512,"APLR",-30,0.5
"BAS_126","BAS","120","Gymnoscopelus nicholsi","GYN","JR15004/96/2",NA,1,"Y",-60.3073,-46.7017,2016,NA,NA,NA,NA,32.2,0,"M",2016,-60.31,-46.31,0,200,NA,1.8,-0.08,100,-0.326009512,"APLR",-30,0.5
"BAS_127","BAS","121","Gymnoscopelus nicholsi","GYN","JR15004/96/2",NA,1,"Y",-60.3073,-46.7017,2016,NA,NA,NA,NA,37.7,0,"M",2016,-60.31,-46.31,0,200,NA,1.8,-0.08,100,-0.326009512,"APLR",-30,0.5
"BAS_128","BAS","#3","Gymnoscopelus nicholsi","GYN","JR177/161/2",NA,1,"Y",-59.69,-44.09,2008,NA,NA,NA,NA,35.5,0,"F",2008,-59.68,-44.03,203.3,403.6,NA,1.8,-0.08,303.45,-0.250252336,"APLR",-30,0.5
"BAS_220","BAS","#3","Gymnoscopelus nicholsi","GYN","JR177/161/2",NA,1,"Y",-59.69,-44.09,2008,NA,NA,NA,NA,35.5,0,"F",2008,-59.68,-44.03,203.3,403.6,NA,1.8,-0.08,303.45,-0.250252336,"APLR",-30,0.5
"BAS_129","BAS","#75","Gymnoscopelus nicholsi","GYN","JR177/165/2",NA,1,"Y",-59.68,-44.14,2008,NA,NA,NA,NA,28.4,0,"F",2008,-59.69,-44.09,11.4,209,NA,1.8,-0.08,110.2,-0.322681218,"APLR",-30,0.5
"BAS_130","BAS","#66","Gymnoscopelus nicholsi","GYN","JR177/334/2",NA,1,"Y",-52.64,-39.09,2008,NA,NA,NA,NA,23.2,0,"F",2008,-52.64,-39.09,406.9,719.6,NA,1.9,-0.11,563.25,0.03448984,"SANT",-24,2
"BAS_145","BAS","#15","Krefftichthys anderssoni","KRA","JR177/328/1",NA,1,"C",-52.72,-39.08,2008,NA,NA,NA,NA,0.7,0,"F",2008,-52.72,-39.08,204.1,405,NA,1.9,-0.11,304.55,-0.052425493,"SANT",-24,2
"BAS_146","BAS","25","Krefftichthys anderssoni","KRA","JR16003/129/1","RAS",1,"C",-54.99,-49.105,2016,NA,NA,NA,NA,0.7,0,"F",2017,-54.68,-45.22,195.6,406.8,1.65,1.85,-0.1,301.2,-0.086165227,"SANT",-24,2
"BAS_151","BAS","48","Krefftichthys anderssoni","KRA","JR16003/146/2","RAS",1,"C",-54.99,-49.105,2016,NA,NA,NA,NA,1,0,"F",2017,-53.95,-49.19,398.3,707.9,2.74,1.9,-0.1,553.1,-0.021559155,"SANT",-24,2
"BAS_152","BAS","43","Krefftichthys anderssoni","KRA","JR16003/113/1","RAS",1,"C",-54.99,-49.105,2016,NA,NA,NA,NA,3.7,0,NA,2017,-55.29,-41.35,196.7,398,2.06,1.85,-0.09,297.35,-0.055642206,"ANTA",-29,1
"BAS_153","BAS","47","Krefftichthys anderssoni","KRA","JR16003/146/1","RAS",1,"C",-54.99,-49.105,2016,NA,NA,NA,NA,1,0,"M",2017,-53.94,-49.17,699.1,991.1,2.46,1.9,-0.1,845.1,0.016341919,"SANT",-24,2
"BAS_155","BAS","33","Krefftichthys anderssoni","KRA","JR16003/147/1","RAS",1,"C",-54.99,-49.105,2016,NA,NA,NA,NA,1.3,0,"M",2017,-53.96,-49.24,198.3,398.5,2.71,1.9,-0.1,298.4,-0.11608272,"SANT",-24,2
"BAS_156","BAS","40","Krefftichthys anderssoni","KRA","JR16003/129/2","RAS",1,"C",-54.99,-49.105,2016,NA,NA,NA,NA,0.5,0,"M",2017,-54.66,-45.2,82,208,0,1.85,-0.1,145,-0.371859103,"SANT",-24,2
"BAS_165","BAS","54","Krefftichthys anderssoni","KRA","JR16003/129/2","RAS",1,"C",-54.99,-49.105,2016,NA,NA,NA,NA,0.9,0,"M",2017,-54.66,-45.2,82,208,0,1.85,-0.1,145,-0.371859103,"SANT",-24,2
"BAS_166","BAS","45","Krefftichthys anderssoni","KRA","JR16003/147/1","RAS",1,"C",-54.99,-49.105,2016,NA,NA,NA,NA,0.7,0,"M",2017,-53.96,-49.24,198.3,398.5,2.71,1.9,-0.1,298.4,-0.11608272,"SANT",-24,2
"BAS_167","BAS","44","Krefftichthys anderssoni","KRA","JR16003/129/2","RAS",1,"C",-54.99,-49.105,2016,NA,NA,NA,NA,3.1,0,"F",2017,-54.66,-45.2,82,208,0,1.85,-0.1,145,-0.371859103,"SANT",-24,2
"BAS_168","BAS","32","Krefftichthys anderssoni","KRA","JR16003/147/1","RAS",1,"C",-54.99,-49.105,2016,NA,NA,NA,NA,1.6,0,"M",2017,-53.96,-49.24,198.3,398.5,2.71,1.9,-0.1,298.4,-0.11608272,"SANT",-24,2
"BAS_169","BAS","24","Krefftichthys anderssoni","KRA","JR16003/146/1","RAS",1,"C",-54.99,-49.105,2016,NA,NA,NA,NA,1.4,0,"F",2017,-53.94,-49.17,699.1,991.1,2.46,1.9,-0.1,845.1,0.016341919,"SANT",-24,2
"BAS_170","BAS","46","Krefftichthys anderssoni","KRA","JR16003/129/1","RAS",1,"C",-54.99,-49.105,2016,NA,NA,NA,NA,1.7,0,"F",2017,-54.68,-45.22,195.6,406.8,1.65,1.85,-0.1,301.2,-0.086165227,"SANT",-24,2
"BAS_172","BAS","31","Krefftichthys anderssoni","KRA","JR16003/147/1","RAS",1,"C",-54.99,-49.105,2016,NA,NA,NA,NA,1,0,"M",2017,-53.96,-49.24,198.3,398.5,2.71,1.9,-0.1,298.4,-0.11608272,"SANT",-24,2
"BAS_174","BAS","21","Krefftichthys anderssoni","KRA","JR16003/129/2","RAS",1,"C",-54.99,-49.105,2016,NA,NA,NA,NA,1.8,0,"M",2017,-54.66,-45.2,82,208,0,1.85,-0.1,145,-0.371859103,"SANT",-24,2
"BAS_175","BAS","22","Krefftichthys anderssoni","KRA","JR16003/146/1","RAS",1,"C",-54.99,-49.105,2016,NA,NA,NA,NA,1,0,"F",2017,-53.94,-49.17,699.1,991.1,2.46,1.9,-0.1,845.1,0.016341919,"SANT",-24,2
"BAS_176","BAS","23","Krefftichthys anderssoni","KRA","JR16003/146/1","RAS",1,"C",-54.99,-49.105,2016,NA,NA,NA,NA,0.8,0,"F",2017,-53.94,-49.17,699.1,991.1,2.46,1.9,-0.1,845.1,0.016341919,"SANT",-24,2
"BAS_177","BAS","28","Krefftichthys anderssoni","KRA","JR16003/129/2","RAS",1,"C",-54.99,-49.105,2016,NA,NA,NA,NA,1.1,0,"M",2017,-54.66,-45.2,82,208,0,1.85,-0.1,145,-0.371859103,"SANT",-24,2
"BAS_178","BAS","26","Krefftichthys anderssoni","KRA","JR16003/129/2","RAS",1,"C",-54.99,-49.105,2016,NA,NA,NA,NA,1.5,0,"F",2017,-54.66,-45.2,82,208,0,1.85,-0.1,145,-0.371859103,"SANT",-24,2
"BAS_221","BAS","27","Krefftichthys anderssoni","KRA","JR16003/129/2","RAS",NA,"C",-54.99,-49.105,2016,NA,NA,NA,NA,0.9,0,"M",2017,-54.66,-45.2,82,208,0,1.85,-0.1,145,-0.371859103,"SANT",-24,2
"BAS_188","BAS","#26","Protomyctophum bolini","PRM","JR177/305/1","RAS",1,"Y",-52.83,-40.12,2008,NA,NA,NA,NA,1.8,0,"F",2008,-52.83,-40.12,200,401.2,NA,1.9,-0.1,300.6,-0.06824851,"SANT",-24,2
"BAS_189","BAS","#126","Protomyctophum bolini","PRM","JR177/301/1","RAS",1,"Y",-52.9,-40.21,2008,NA,NA,NA,NA,0.8,0,"M",2008,-52.9,-40.21,203,402,NA,1.9,-0.1,302.5,-0.06824851,"SANT",-24,2
"BAS_191","BAS","#30","Protomyctophum bolini","PRM","JR177/301/1","RAS",NA,"Y",-52.9,-40.21,2008,NA,NA,NA,NA,0.6,0,"J",2008,-52.9,-40.21,203,402,NA,1.9,-0.1,302.5,-0.06824851,"SANT",-24,2
"BAS_192","BAS","#25","Protomyctophum bolini","PRM","JR177/328/1","RAS",1,"Y",-52.72,-39.08,2008,NA,NA,NA,NA,1.6,0,"M",2008,-52.72,-39.08,204.1,405,NA,1.9,-0.11,304.55,-0.052425493,"SANT",-24,2
"BAS_193","BAS","#26","Protomyctophum bolini","PRM","JR177/328/1","RAS",1,"Y",-52.72,-39.08,2008,NA,NA,NA,NA,2.2,0,"F",2008,-52.72,-39.08,204.1,405,NA,1.9,-0.11,304.55,-0.052425493,"SANT",-24,2
"BAS_194","BAS","#34","Protomyctophum bolini","PRM","JR177/301/1","RAS",1,"Y",-52.9,-40.21,2008,NA,NA,NA,NA,0.7,0,"J",2008,-52.9,-40.21,203,402,NA,1.9,-0.1,302.5,-0.06824851,"SANT",-24,2
"BAS_195","BAS","#33","Protomyctophum bolini","PRM","JR177/301/1","RAS",1,"Y",-52.9,-40.21,2008,NA,NA,NA,NA,0.8,0,"M",2008,-52.9,-40.21,203,402,NA,1.9,-0.1,302.5,-0.06824851,"SANT",-24,2
"BAS_196","BAS","#27","Protomyctophum bolini","PRM","JR177/328/1","RAS",1,"Y",-52.72,-39.08,2008,NA,NA,NA,NA,1.6,0,"F",2008,-52.72,-39.08,204.1,405,NA,1.9,-0.11,304.55,-0.052425493,"SANT",-24,2
"BAS_200","BAS","64","Protomyctophum bolini","PRM","JR16003/112/2","RAS",1,"Y",-54.99,-49.105,2016,NA,NA,NA,NA,0.6,0,"M",2016,-55.26,-41.2,NA,NA,NA,1.85,-0.09,NA,-0.372243345,"ANTA",-29,1
"BAS_201","BAS","59","Protomyctophum bolini","PRM","JR16003/112/2","RAS",NA,"Y",-54.99,-49.105,2016,NA,NA,NA,NA,2.3,0,"M",2016,-55.26,-41.2,NA,NA,NA,1.85,-0.09,NA,-0.372243345,"ANTA",-29,1
"BAS_203","BAS","61","Protomyctophum bolini","PRM","JR16003/112/2","RAS",1,"Y",-54.99,-49.105,2016,NA,NA,NA,NA,1.7,0,"M",2016,-55.26,-41.2,NA,NA,NA,1.85,-0.09,NA,-0.372243345,"ANTA",-29,1
"BAS_204","BAS","62","Protomyctophum bolini","PRM","JR16003/112/2","RAS",1,"Y",-54.99,-49.105,2016,NA,NA,NA,NA,0.8,0,"M",2016,-55.26,-41.2,NA,NA,NA,1.85,-0.09,NA,-0.372243345,"ANTA",-29,1
"BAS_205","BAS","63","Protomyctophum bolini","PRM","JR16003/112/2","RAS",1,"Y",-54.99,-49.105,2016,NA,NA,NA,NA,1,0,"M",2016,-55.26,-41.2,NA,NA,NA,1.85,-0.09,NA,-0.372243345,"ANTA",-29,1
"BAS_212","BAS","70","Protomyctophum bolini","PRM","JR16003/113/1","RAS",1,"Y",-54.99,-49.105,2016,NA,NA,NA,NA,1.1,0,"M",2017,-55.29,-41.35,196.7,398,2.06,1.85,-0.09,297.35,-0.055642206,"ANTA",-29,1
"BAS_213","BAS","74","Protomyctophum bolini","PRM","JR16003/129/1","RAS",1,"C",-54.99,-49.105,2016,NA,NA,NA,NA,1.7,0,"F",2017,-54.68,-45.22,195.6,406.8,1.65,1.85,-0.1,301.2,-0.086165227,"SANT",-24,2
"BAS_214","BAS","77","Protomyctophum bolini","PRM","JR16003/129/1","RAS",1,"Y",-54.99,-49.105,2016,NA,NA,NA,NA,0.5,0,"M",2017,-54.68,-45.22,195.6,406.8,1.65,1.85,-0.1,301.2,-0.086165227,"SANT",-24,2
"BAS_215","BAS","78","Protomyctophum bolini","PRM","JR16003/129/1","RAS",1,"Y",-54.99,-49.105,2016,NA,NA,NA,NA,1.9,0,"F",2017,-54.68,-45.22,195.6,406.8,1.65,1.85,-0.1,301.2,-0.086165227,"SANT",-24,2
"BAS_217","BAS","76","Protomyctophum bolini","PRM","JR16003/129/1","RAS",1,"Y",-54.99,-49.105,2016,NA,NA,NA,NA,1.5,0,"M",2017,-54.68,-45.22,195.6,406.8,1.65,1.85,-0.1,301.2,-0.086165227,"SANT",-24,2
"BAS_218","BAS","75","Protomyctophum bolini","PRM","JR16003/129/1","RAS",1,"Y",-54.99,-49.105,2016,NA,NA,NA,NA,1.2,0,"M",2017,-54.68,-45.22,195.6,406.8,1.65,1.85,-0.1,301.2,-0.086165227,"SANT",-24,2
"BAS_219","BAS","66","Protomyctophum bolini","PRM","JR16003/113/1","RAS",1,"C",-54.99,-49.105,2016,NA,NA,NA,NA,2.1,0,"F",2017,-55.29,-41.35,196.7,398,2.06,1.85,-0.09,297.35,-0.055642206,"ANTA",-29,1
