MyNumber,Collections,ID.x,sciname,Label,Station,Notes,Muscle,Otolith,Lat_dec.x,Long_dec.x,Year.x,Min.Depth,Max.Depth,Salinity,SST,Weight.x,Weight_SD,Sex,Year.y,Lat_dec.y,Long_dec.y,Min_Depth,Max_Depth,Temp,DIC,Suess,Depth_Mid,D18O_vals,Province,Phyto,Phyto_sd,d13C,d18O,d13C_musc,d13C_musc_SD,Genus,Species.x,FamCode,BodyShapeI,Compressed,AspectRatio,DepthOverTL,DemersPelag,AnaCat,DepthRangeShallow,DepthRangeDeep,LongevityWild,Length,LTypeMaxM,Weight.y,Family,Order,Neritic,Oceanic,Estuaries,DietTroph,DietSeTroph,FoodTroph,FoodSeTroph,UseTroph,UseTrophSe,Schooling,Shoaling,Temperature,mean_Temp,sd_Temp,mean_M,sd_M,Crushed,C_N_Ratio,c_n_sd,ID.y,Species.y
BAS_19,BAS,#113,Electrona antarctica,ELN,JR15004/91/1,NA,1,Y,-60.2326,-46.1921,2016,NA,NA,NA,NA,5,0,F,2016,-60.23,-46.19,700,1000,NA,1.8,-0.08,850,-0.120896734,APLR,-30,0.5,-4.86,4.04,-27.68,0,Electrona,antarctica,167,fusiform / normal,No,1.48,21.2,pelagic,migratory,0,1000,3,10.3,SL,NA,Myctophidae,Myctophiformes,No,Yes,No,3.21,0.35,3.14,0.39,3.21,0.35,No,No,Polar,-0.258936336,1.712263336,0.211486905,0.010748257,0,4.44,0,ELN 19,ELN
BAS_21,BAS,134,Electrona antarctica,ELN,JR15004/65/2,NA,2,Y,-60.0345,-46.5806,2016,NA,NA,NA,NA,5,0,M,2016,-60.03,-46.58,400,700,NA,1.8,-0.08,550,-0.121972002,APLR,-30,0.5,-5.8,3.66,-27.1,0.32,Electrona,antarctica,167,fusiform / normal,No,1.48,21.2,pelagic,migratory,0,1000,3,10.3,SL,NA,Myctophidae,Myctophiformes,No,Yes,No,3.21,0.35,3.14,0.39,3.21,0.35,No,No,Polar,1.042288304,1.67571487,0.248029787,0.012195456,0,4.59,0.19,ELN 21-1,ELN
BAS_31,BAS,#125,Electrona antarctica,ELN,JR15004/72/1,NA,1,Y,-60.0737,-46.0612,2016,NA,NA,NA,NA,4.4,0,F,2016,-60.07,-46.06,700,1000,NA,1.8,-0.08,850,-0.120896734,APLR,-30,0.5,-4.84,3.71,-26.65555603,0,Electrona,antarctica,167,fusiform / normal,No,1.48,21.2,pelagic,migratory,0,1000,3,10.3,SL,NA,Myctophidae,Myctophiformes,No,Yes,No,3.21,0.35,3.14,0.39,3.21,0.35,No,No,Polar,0.914700841,1.709067561,0.21825145,0.011328006,0,4.28,0,ELN 31,ELN
BAS_32,BAS,#126,Electrona antarctica,ELN,JR15004/72/1,NA,1,Y,-60.0737,-46.0612,2016,NA,NA,NA,NA,10,0,F,2016,-60.07,-46.06,700,1000,NA,1.8,-0.08,850,-0.120896734,APLR,-30,0.5,-5.55,4.2,-28.10743211,0,Electrona,antarctica,167,fusiform / normal,No,1.48,21.2,pelagic,migratory,0,1000,3,10.3,SL,NA,Myctophidae,Myctophiformes,No,Yes,No,3.21,0.35,3.14,0.39,3.21,0.35,No,No,Polar,-0.816347609,1.703938154,0.231324042,0.011312062,0,5.17,0,ELN 32,ELN
BAS_33,BAS,#127,Electrona antarctica,ELN,JR15004/72/1,NA,1,Y,-60.0737,-46.0612,2016,NA,NA,NA,NA,6.6,0,F,2016,-60.07,-46.06,700,1000,NA,1.8,-0.08,850,-0.120896734,APLR,-30,0.5,-4.56,3.5,-27.33313701,0,Electrona,antarctica,167,fusiform / normal,No,1.48,21.2,pelagic,migratory,0,1000,3,10.3,SL,NA,Myctophidae,Myctophiformes,No,Yes,No,3.21,0.35,3.14,0.39,3.21,0.35,No,No,Polar,1.611870943,1.690960842,0.203545482,0.010878416,0,4.5,0,ELN 33,ELN
BAS_35,BAS,#128,Electrona antarctica,ELN,JR15004/72/1,NA,1,Y,-60.0737,-46.0612,2016,NA,NA,NA,NA,6.6,0,M,2016,-60.07,-46.06,700,1000,NA,1.8,-0.08,850,-0.120896734,APLR,-30,0.5,-4.66,3.73,-26.46764553,0,Electrona,antarctica,167,fusiform / normal,No,1.48,21.2,pelagic,migratory,0,1000,3,10.3,SL,NA,Myctophidae,Myctophiformes,No,Yes,No,3.21,0.35,3.14,0.39,3.21,0.35,No,No,Polar,0.801262277,1.696208078,0.213450979,0.011217898,0,4.64,0,ELN 35,ELN
BAS_36,BAS,#130,Electrona antarctica,ELN,JR15004/82/1,NA,1,Y,-60.3158,-46.4933,2016,NA,NA,NA,NA,6.9,0,M,2016,-60.32,-46.49,63,63,NA,1.8,-0.08,63,-0.326009512,APLR,-30,0.5,NA,NA,-26.43330347,0,Electrona,antarctica,167,fusiform / normal,No,1.48,21.2,pelagic,migratory,0,1000,3,10.3,SL,NA,Myctophidae,Myctophiformes,No,Yes,No,3.21,0.35,3.14,0.39,3.21,0.35,No,No,Polar,2.033567296,3.017084389,NA,NA,0,4.85,0,ELN 36,ELN
BAS_37,BAS,64,Electrona antarctica,ELN,JR177/199/2,NA,1,Y,-58.01,-43.05,2008,NA,NA,NA,NA,6.6,0,M,2008,-58.01,-43.12,204.4,414.5,NA,1.8,-0.08,309.45,-0.170474783,ANTA,-29,1,-5.38,3.6,-27.7185545,0,Electrona,antarctica,167,fusiform / normal,No,1.48,21.2,pelagic,migratory,0,1000,3,10.3,SL,NA,Myctophidae,Myctophiformes,No,Yes,No,3.21,0.35,3.14,0.39,3.21,0.35,No,No,Polar,1.094074979,1.72641456,0.231618539,0.010711998,0,4.72,0,ELN 37,ELN
BAS_38,BAS,43,Electrona antarctica,ELN,JR177/205/1,NA,1,Y,-58.02,-42.97,2008,NA,NA,NA,NA,9,0,F,2008,-58.02,-42.97,704.2,1003,NA,1.8,-0.08,853.6,-0.120874882,ANTA,-29,1,-4.07,3.83,-26.90672538,0,Electrona,antarctica,167,fusiform / normal,No,1.48,21.2,pelagic,migratory,0,1000,3,10.3,SL,NA,Myctophidae,Myctophiformes,No,Yes,No,3.21,0.35,3.14,0.39,3.21,0.35,No,No,Polar,0.426527357,1.718693399,0.192650346,0.009942203,0,4.98,0,ELN 38,ELN
BAS_42,BAS,#58,Electrona antarctica,ELN,JR177/199/2,NA,1,Y,-58.01,-43.05,2008,NA,NA,NA,NA,4.8,0,M,2008,-58.01,-43.12,204.4,414.5,NA,1.8,-0.08,309.45,-0.170474783,ANTA,-29,1,-4.56,3.7,-27.48305306,0,Electrona,antarctica,167,fusiform / normal,No,1.48,21.2,pelagic,migratory,0,1000,3,10.3,SL,NA,Myctophidae,Myctophiformes,No,Yes,No,3.21,0.35,3.14,0.39,3.21,0.35,No,No,Polar,0.747217742,1.704615145,0.205562079,0.009966657,0,4.47,0,ELN 42,ELN
BAS_52,BAS,#114,Electrona antarctica,ELN,JR15004/91/1,NA,1,Y,-60.2326,-46.1921,2016,NA,NA,NA,NA,5.3,0,M,2016,-60.23,-46.19,700,1000,NA,1.8,-0.08,850,-0.120896734,APLR,-30,0.5,-4.6,3.8,-27.38799205,0,Electrona,antarctica,167,fusiform / normal,No,1.48,21.2,pelagic,migratory,0,1000,3,10.3,SL,NA,Myctophidae,Myctophiformes,No,Yes,No,3.21,0.35,3.14,0.39,3.21,0.35,No,No,Polar,0.548865233,1.728087079,0.204685488,0.010790029,0,5.08,0,ELN 52,ELN
BAS_59,BAS,57,Electrona antarctica,ELN,JR16003/39/1,RAS,1,Y,-54.99,-49.105,2016,NA,NA,NA,NA,6.1,0,F,2016,-53.5,-39.25,19,202,NA,1.9,-0.1,110.5,-0.372505248,ANTA,-29,1,-5.37,3.69,-27.12543738,0,Electrona,antarctica,167,fusiform / normal,No,1.48,21.2,pelagic,migratory,0,1000,3,10.3,SL,NA,Myctophidae,Myctophiformes,No,Yes,No,3.21,0.35,3.14,0.39,3.21,0.35,No,No,Polar,0.057237164,1.694054719,0.235187328,0.011722676,0,4.88,0,ELN 59,ELN
BAS_60,BAS,6,Electrona antarctica,ELN,JR16003/113/1,RYAN,1,Y,-54.99,-49.105,2016,NA,NA,NA,NA,1.8,0,M,2017,-55.29,-41.35,196.7,398,2.06,1.85,-0.09,297.35,-0.055642206,ANTA,-29,1,-5.66,3.71,-27.20201199,0,Electrona,antarctica,167,fusiform / normal,No,1.48,21.2,pelagic,migratory,0,1000,3,10.3,SL,NA,Myctophidae,Myctophiformes,No,Yes,No,3.21,0.35,3.14,0.39,3.21,0.35,No,No,Polar,1.081400392,1.697958781,0.243586088,0.011706991,0,5.43,0,ELN 60,ELN
BAS_61,BAS,55,Electrona antarctica,ELN,JR16003/39/2,RAS,NA,Y,-54.99,-49.105,2016,NA,NA,NA,NA,6.8,5.9,F,2016,-53.53,-39.25,15,209,NA,1.9,-0.1,112,-0.225334823,ANTA,-29,1,-4.17,4.09,-27.15607574,0,Electrona,antarctica,167,fusiform / normal,No,1.48,21.2,pelagic,migratory,0,1000,3,10.3,SL,NA,Myctophidae,Myctophiformes,No,Yes,No,3.21,0.35,3.14,0.39,3.21,0.35,No,No,Polar,-0.805611781,1.699661784,0.194620881,0.010780296,0,4.91,0,NA,EN
BAS_62,BAS,8,Electrona antarctica,ELN,JR16003/129/2,RYAN,1,Y,-54.99,-49.105,2016,NA,NA,NA,NA,6.2,0,M,2017,-54.66,-45.2,82,208,0,1.85,-0.1,145,-0.371859103,SANT,-24,2,-4.11,3.78,-27.10812562,0,Electrona,antarctica,167,fusiform / normal,No,1.48,21.2,pelagic,migratory,0,1000,3,10.3,SL,NA,Myctophidae,Myctophiformes,No,Yes,No,3.21,0.35,3.14,0.39,3.21,0.35,No,No,Polar,-0.214363171,1.711465759,0.191342914,0.010714345,0,4.75,0,ELN 62,ELN
BAS_65,BAS,11,Electrona antarctica,ELN,JR16003/113/1,RYAN,1,Y,-54.99,-49.105,2016,NA,NA,NA,NA,1.3,0,M,2017,-55.29,-41.35,196.7,398,2.06,1.85,-0.09,297.35,-0.055642206,ANTA,-29,1,-3.76,3.81,-27.55444794,0,Electrona,antarctica,167,fusiform / normal,No,1.48,21.2,pelagic,migratory,0,1000,3,10.3,SL,NA,Myctophidae,Myctophiformes,No,Yes,No,3.21,0.35,3.14,0.39,3.21,0.35,No,No,Polar,0.725638047,1.703791211,0.176537597,0.010417685,0,5.82,0,ELN 65,ELN
BAS_67,BAS,4,Electrona antarctica,ELN,JR16003/113/2,RYAN,1,Y,-54.99,-49.105,2016,NA,NA,NA,NA,3.3,0,M,2017,-55.3,-41.36,27.7,210.6,0.6,1.85,-0.1,119.15,-0.372243345,ANTA,-29,1,-4.81,3.89,-26.43534262,0,Electrona,antarctica,167,fusiform / normal,No,1.48,21.2,pelagic,migratory,0,1000,3,10.3,SL,NA,Myctophidae,Myctophiformes,No,Yes,No,3.21,0.35,3.14,0.39,3.21,0.35,No,No,Polar,-0.608633835,1.697783926,0.219846409,0.011665393,0,5.4,0,ELN 67,ELN
BAS_69,BAS,3,Electrona antarctica,ELN,JR16003/146/2,RYAN,1,Y,-54.99,-49.105,2016,NA,NA,NA,NA,6,0,M,2017,-53.95,-49.19,398.3,707.9,2.74,1.9,-0.1,553.1,-0.021559155,SANT,-24,2,-5.24,4.08,-27.04466551,0,Electrona,antarctica,167,fusiform / normal,No,1.48,21.2,pelagic,migratory,0,1000,3,10.3,SL,NA,Myctophidae,Myctophiformes,No,Yes,No,3.21,0.35,3.14,0.39,3.21,0.35,No,No,Polar,-0.112477889,1.703532184,0.231386153,0.011567386,0,4.37,0,ELN 69,ELN
BAS_71,BAS,2,Electrona antarctica,ELN,JR16003/112/2,RYAN,1,Y,-54.99,-49.105,2016,NA,NA,NA,NA,7.7,0,F,2016,-55.26,-41.2,NA,NA,NA,1.85,-0.09,NA,-0.372243345,ANTA,-29,1,-5.22,3.73,-27.37165135,0,Electrona,antarctica,167,fusiform / normal,No,1.48,21.2,pelagic,migratory,0,1000,3,10.3,SL,NA,Myctophidae,Myctophiformes,No,Yes,No,3.21,0.35,3.14,0.39,3.21,0.35,No,No,Polar,-0.048180274,1.698492846,0.22703338,0.011452172,0,5.25,0,ELN 71,ELN
BAS_72,BAS,5,Electrona antarctica,ELN,JR16003/129/2,RYAN,1,Y,-54.99,-49.105,2016,NA,NA,NA,NA,6.1,0,F,2017,-54.66,-45.2,82,208,0,1.85,-0.1,145,-0.371859103,SANT,-24,2,-4.52,3.64,-26.87940392,0,Electrona,antarctica,167,fusiform / normal,No,1.48,21.2,pelagic,migratory,0,1000,3,10.3,SL,NA,Myctophidae,Myctophiformes,No,Yes,No,3.21,0.35,3.14,0.39,3.21,0.35,No,No,Polar,0.242513758,1.720338006,0.2069642,0.011018132,0,4.53,0,ELN 72,ELN
BAS_73,BAS,158,Electrona carlsbergi,ELC,JR177/357/1,NA,1,Y,-50.55,-34.05,2008,NA,NA,NA,NA,4.8,0,M,2008,-50.55,-34.05,3.8,206.8,NA,1.95,-0.1,105.3,-0.366572708,SANT,-24,2,-3.11,2.92,-24.27,0,Electrona,carlsbergi,167,fusiform / normal,No,1.14,21.2,pelagic,migratory,0,400,3,9.6,SL,14.6,Myctophidae,Myctophiformes,No,Yes,No,3.22,NA,3.24,0.41,3.22,0,Yes,Yes,Polar,2.725245434,1.706210793,0.180525069,0.010720133,0,4.21,0,ELC 73,ELC
BAS_74,BAS,201,Electrona carlsbergi,ELC,JR38/185/1,NA,NA,Y,-55.23,-36.15,1998,NA,NA,NA,NA,6.3,0,M,1998,-53.34,-39.13,NA,NA,NA,1.9,-0.1,NA,-0.372505248,ANTA,-29,1,-3.03,3.41,-24.39,0.71,Electrona,carlsbergi,167,fusiform / normal,No,1.14,21.2,pelagic,migratory,0,400,3,9.6,SL,14.6,Myctophidae,Myctophiformes,No,Yes,No,3.22,NA,3.24,0.41,3.22,0,Yes,Yes,Polar,1.070631993,1.698499968,0.179401596,0.010981442,0,4.25,0.52,NA,ELC
BAS_75,BAS,148,Electrona carlsbergi,ELC,JR177/357/1,NA,1,Y,-50.55,-34.05,2008,NA,NA,NA,NA,5.2,0,U,2008,-50.55,-34.05,3.8,206.8,NA,1.95,-0.1,105.3,-0.366572708,SANT,-24,2,-2.71,3.03,-23.24849487,0,Electrona,carlsbergi,167,fusiform / normal,No,1.14,21.2,pelagic,migratory,0,400,3,9.6,SL,14.6,Myctophidae,Myctophiformes,No,Yes,No,3.22,NA,3.24,0.41,3.22,0,Yes,Yes,Polar,2.394575213,1.700662944,0.171872846,0.010735878,0,3.63,0,ELC 75,ELC
BAS_76,BAS,150,Electrona carlsbergi,ELC,JR177/357/1,NA,2,Y,-50.55,-34.05,2008,NA,NA,NA,NA,5.5,0.3,U,2008,-50.55,-34.05,3.8,206.8,NA,1.95,-0.1,105.3,-0.366572708,SANT,-24,2,-2.73,2.94,-24.11,0,Electrona,carlsbergi,167,fusiform / normal,No,1.14,21.2,pelagic,migratory,0,400,3,9.6,SL,14.6,Myctophidae,Myctophiformes,No,Yes,No,3.22,NA,3.24,0.41,3.22,0,Yes,Yes,Polar,2.681437101,1.730821534,0.167131905,0.010287594,0,3.84,0.25,NA,ELC
BAS_77,BAS,145,Electrona carlsbergi,ELC,JR177/357/1,NA,1,Y,-50.55,-34.05,2008,NA,NA,NA,NA,6,0,U,2008,-50.55,-34.05,3.8,206.8,NA,1.95,-0.1,105.3,-0.366572708,SANT,-24,2,-2.51,3.4,-24.42423867,0,Electrona,carlsbergi,167,fusiform / normal,No,1.14,21.2,pelagic,migratory,0,400,3,9.6,SL,14.6,Myctophidae,Myctophiformes,No,Yes,No,3.22,NA,3.24,0.41,3.22,0,Yes,Yes,Polar,1.083625739,1.702977131,0.156982396,0.010021126,0,4.52,0,ELC 77,ELC
BAS_78,BAS,146,Electrona carlsbergi,ELC,JR177/357/1,NA,1,Y,-50.55,-34.05,2008,NA,NA,NA,NA,6.4,0,U,2008,-50.55,-34.05,3.8,206.8,NA,1.95,-0.1,105.3,-0.366572708,SANT,-24,2,-3.13,2.87,-25.53494671,0,Electrona,carlsbergi,167,fusiform / normal,No,1.14,21.2,pelagic,migratory,0,400,3,9.6,SL,14.6,Myctophidae,Myctophiformes,No,Yes,No,3.22,NA,3.24,0.41,3.22,0,Yes,Yes,Polar,2.892006675,1.710948739,0.172786902,0.009927749,0,5.11,0,ELC 78,ELC
BAS_79,BAS,152,Electrona carlsbergi,ELC,JR177/357/1,NA,2,Y,-50.55,-34.05,2008,NA,NA,NA,NA,5.9,1.2,U,2008,-50.55,-34.05,3.8,206.8,NA,1.95,-0.1,105.3,-0.366572708,SANT,-24,2,-3.06,3.21,-24.17,0.28,Electrona,carlsbergi,167,fusiform / normal,No,1.14,21.2,pelagic,migratory,0,400,3,9.6,SL,14.6,Myctophidae,Myctophiformes,No,Yes,No,3.22,NA,3.24,0.41,3.22,0,Yes,Yes,Polar,1.744704892,1.701825468,0.179208537,0.011029193,0,3.97,0.25,ELC 79,ELC
BAS_80,BAS,151,Electrona carlsbergi,ELC,JR177/357/1,NA,2,Y,-50.55,-34.05,2008,NA,NA,NA,NA,5.75,0.05,U,2008,-50.55,-34.05,3.8,206.8,NA,1.95,-0.1,105.3,-0.366572708,SANT,-24,2,-2.54,3.03,-24.03,0.93,Electrona,carlsbergi,167,fusiform / normal,No,1.14,21.2,pelagic,migratory,0,400,3,9.6,SL,14.6,Myctophidae,Myctophiformes,No,Yes,No,3.22,NA,3.24,0.41,3.22,0,Yes,Yes,Polar,2.353737882,1.724595723,0.160544691,0.012150206,0,4.24,0.8,NA,ELC
BAS_81,BAS,147,Electrona carlsbergi,ELC,JR177/357/1,NA,1,Y,-50.55,-34.05,2008,NA,NA,NA,NA,5.8,0,U,2008,-50.55,-34.05,3.8,206.8,NA,1.95,-0.1,105.3,-0.366572708,SANT,-24,2,-2.56,2.85,-24.65599843,0,Electrona,carlsbergi,167,fusiform / normal,No,1.14,21.2,pelagic,migratory,0,400,3,9.6,SL,14.6,Myctophidae,Myctophiformes,No,Yes,No,3.22,NA,3.24,0.41,3.22,0,Yes,Yes,Polar,2.986603272,1.689985878,0.157192079,0.009987485,0,4.37,0,ELC 81,ELC
BAS_82,BAS,149,Electrona carlsbergi,ELC,JR177/357/1,NA,2,Y,-50.55,-34.05,2008,NA,NA,NA,NA,5.35,0.05,U,2008,-50.55,-34.05,3.8,206.8,NA,1.95,-0.1,105.3,-0.366572708,SANT,-24,2,-2.36,2.97,-23.96,0.31,Electrona,carlsbergi,167,fusiform / normal,No,1.14,21.2,pelagic,migratory,0,400,3,9.6,SL,14.6,Myctophidae,Myctophiformes,No,Yes,No,3.22,NA,3.24,0.41,3.22,0,Yes,Yes,Polar,2.547779826,1.72236755,0.154351916,0.010379222,0,3.94,0.15,NA,ELC
BAS_83,BAS,149,Electrona carlsbergi,ELC,JR177/357/1,NA,2,Y,-50.55,-34.05,2008,NA,NA,NA,NA,5.35,0.05,U,2008,-50.55,-34.05,3.8,206.8,NA,1.95,-0.1,105.3,-0.366572708,SANT,-24,2,-3.03,3.37,-23.96,0.31,Electrona,carlsbergi,167,fusiform / normal,No,1.14,21.2,pelagic,migratory,0,400,3,9.6,SL,14.6,Myctophidae,Myctophiformes,No,Yes,No,3.22,NA,3.24,0.41,3.22,0,Yes,Yes,Polar,1.180098877,1.692065189,0.179483089,0.010856313,0,3.94,0.15,NA,ELC
BAS_84,BAS,150,Electrona carlsbergi,ELC,JR177/357/1,NA,2,Y,-50.55,-34.05,2008,NA,NA,NA,NA,5.5,0.3,U,2008,-50.55,-34.05,3.8,206.8,NA,1.95,-0.1,105.3,-0.366572708,SANT,-24,2,-2.98,3.02,-24.11,0,Electrona,carlsbergi,167,fusiform / normal,No,1.14,21.2,pelagic,migratory,0,400,3,9.6,SL,14.6,Myctophidae,Myctophiformes,No,Yes,No,3.22,NA,3.24,0.41,3.22,0,Yes,Yes,Polar,2.375802943,1.709704536,0.176706951,0.010950815,0,3.84,0.25,NA,ELC
BAS_85,BAS,151,Electrona carlsbergi,ELC,JR177/357/1,NA,2,Y,-50.55,-34.05,2008,NA,NA,NA,NA,5.75,0.05,U,2008,-50.55,-34.05,3.8,206.8,NA,1.95,-0.1,105.3,-0.366572708,SANT,-24,2,-3.51,2.88,-24.03,0.93,Electrona,carlsbergi,167,fusiform / normal,No,1.14,21.2,pelagic,migratory,0,400,3,9.6,SL,14.6,Myctophidae,Myctophiformes,No,Yes,No,3.22,NA,3.24,0.41,3.22,0,Yes,Yes,Polar,2.869496144,1.688472311,0.197620525,0.012899732,0,4.24,0.8,NA,ELC
BAS_86,BAS,155,Electrona carlsbergi,ELC,JR177/357/1,NA,1,Y,-50.55,-34.05,2008,NA,NA,NA,NA,5.6,0,M,2008,-50.55,-34.05,3.8,206.8,NA,1.95,-0.1,105.3,-0.366572708,SANT,-24,2,-2.77,3.21,-25.92052979,0,Electrona,carlsbergi,167,fusiform / normal,No,1.14,21.2,pelagic,migratory,0,400,3,9.6,SL,14.6,Myctophidae,Myctophiformes,No,Yes,No,3.22,NA,3.24,0.41,3.22,0,Yes,Yes,Polar,1.781456838,1.690812686,0.157759052,0.009495812,0,5.18,0,ELC 86,ELC
BAS_87,BAS,153,Electrona carlsbergi,ELC,JR177/357/1,NA,1,Y,-50.55,-34.05,2008,NA,NA,NA,NA,7.4,0,M,2008,-50.55,-34.05,3.8,206.8,NA,1.95,-0.1,105.3,-0.366572708,SANT,-24,2,-2.43,3.38,-23.91615627,0,Electrona,carlsbergi,167,fusiform / normal,No,1.14,21.2,pelagic,migratory,0,400,3,9.6,SL,14.6,Myctophidae,Myctophiformes,No,Yes,No,3.22,NA,3.24,0.41,3.22,0,Yes,Yes,Polar,1.137930407,1.691991146,0.156926317,0.010368806,0,3.79,0,ELC 87,ELC
BAS_88,BAS,154,Electrona carlsbergi,ELC,JR177/357/1,NA,NA,Y,-50.55,-34.05,2008,NA,NA,NA,NA,7.7,0,M,2008,-50.55,-34.05,3.8,206.8,NA,1.95,-0.1,105.3,-0.366572708,SANT,-24,2,-2.73,2.87,-25.1430277,0,Electrona,carlsbergi,167,fusiform / normal,No,1.14,21.2,pelagic,migratory,0,400,3,9.6,SL,14.6,Myctophidae,Myctophiformes,No,Yes,No,3.22,NA,3.24,0.41,3.22,0,Yes,Yes,Polar,2.911852831,1.714996827,0.16094898,0.010066913,0,4.91,0,ELC 88,ELC
BAS_89,BAS,157,Electrona carlsbergi,ELC,JR177/357/1,NA,1,Y,-50.55,-34.05,2008,NA,NA,NA,NA,5.8,0,F,2008,-50.55,-34.05,3.8,206.8,NA,1.95,-0.1,105.3,-0.366572708,SANT,-24,2,-2.99,3.07,-24.99926607,0,Electrona,carlsbergi,167,fusiform / normal,No,1.14,21.2,pelagic,migratory,0,400,3,9.6,SL,14.6,Myctophidae,Myctophiformes,No,Yes,No,3.22,NA,3.24,0.41,3.22,0,Yes,Yes,Polar,2.224322981,1.717087776,0.170988021,0.010143772,0,4.54,0,ELC 89,ELC
BAS_90,BAS,103,Gymnoscopelus braueri,GYR,JR15004/66/1,NA,1,Y,-60.0328,-46.6157,2016,NA,NA,NA,NA,8.7,0,M,2016,-60.03,-46.62,200,400,NA,1.8,-0.08,300,-0.261639535,APLR,-30,0.5,-5.18,3.8,-26.97327389,0,Gymnoscopelus,braueri,167,elongated,No,1.08,13.3,pelagic,migratory,0,1000,4,13.2,SL,NA,Myctophidae,Myctophiformes,No,Yes,No,3.22,0.32,3.29,0.42,3.22,0.32,No,No,Polar,0.08465891,1.740240106,0.22755915,0.01180145,0,5.43,0,GYR 90,GYR
BAS_91,BAS,117,Gymnoscopelus braueri,GYR,JR15004/60/1,NA,1,Y,-59.9641,-47.1774,2016,NA,NA,NA,NA,8.6,0,M,2016,-59.96,-47.18,700,1000,NA,1.8,-0.08,850,-0.120896734,APLR,-30,0.5,-5.17,4.03,-28.23531577,0,Gymnoscopelus,braueri,167,elongated,No,1.08,13.3,pelagic,migratory,0,1000,4,13.2,SL,NA,Myctophidae,Myctophiformes,No,Yes,No,3.22,0.32,3.29,0.42,3.22,0.32,No,No,Polar,-0.212683942,1.692633928,0.217818322,0.010866447,0,5.2,0,GYR 91,GYR
BAS_93,BAS,#113,Gymnoscopelus braueri,GYR,JR15004/96/1,NA,1,Y,-60.3073,-46.7017,2016,NA,NA,NA,NA,15.6,0,F,2016,-60.31,-46.31,200,400,NA,1.8,-0.08,300,-0.261639535,APLR,-30,0.5,-5.04,3.98,-28.22301274,0,Gymnoscopelus,braueri,167,elongated,No,1.08,13.3,pelagic,migratory,0,1000,4,13.2,SL,NA,Myctophidae,Myctophiformes,No,Yes,No,3.22,0.32,3.29,0.42,3.22,0.32,No,No,Polar,-0.509247081,1.680004982,0.213636933,0.010761091,0,5.39,0,GYR 93,GYR
BAS_94,BAS,114,Gymnoscopelus braueri,GYR,JR15004/96/1,NA,1,Y,-60.3073,-46.7017,2016,NA,NA,NA,NA,16.3,0,M,2016,-60.31,-46.31,200,400,NA,1.8,-0.08,300,-0.261639535,APLR,-30,0.5,-4.72,4.32,-27.42825786,0,Gymnoscopelus,braueri,167,elongated,No,1.08,13.3,pelagic,migratory,0,1000,4,13.2,SL,NA,Myctophidae,Myctophiformes,No,Yes,No,3.22,0.32,3.29,0.42,3.22,0.32,No,No,Polar,-1.67876739,1.683156697,0.208548702,0.011187296,0,4.81,0,GYR 94,GYR
BAS_95,BAS,#111,Gymnoscopelus braueri,GYR,JR15004/96/1,NA,1,Y,-60.3073,-46.7017,2016,NA,NA,NA,NA,10.4,0,J,2016,-60.31,-46.31,200,400,NA,1.8,-0.08,300,-0.261639535,APLR,-30,0.5,-4.21,4.19,-28.21805771,0,Gymnoscopelus,braueri,167,elongated,No,1.08,13.3,pelagic,migratory,0,1000,4,13.2,SL,NA,Myctophidae,Myctophiformes,No,Yes,No,3.22,0.32,3.29,0.42,3.22,0.32,No,No,Polar,-1.264082329,1.695848239,0.186416317,0.010309007,0,5.17,0,GYR 95,GYR
BAS_96,BAS,22,Gymnoscopelus braueri,GYR,JR177/305/2,NA,2,Y,-52.86,-40.1,2008,NA,NA,NA,NA,6.4,0,F,2008,-52.86,-40.1,15.5,206,NA,1.9,-0.1,110.75,-0.372630805,SANT,-24,2,-4.27,4.13,-25.4,2.07,Gymnoscopelus,braueri,167,elongated,No,1.08,13.3,pelagic,migratory,0,1000,4,13.2,SL,NA,Myctophidae,Myctophiformes,No,Yes,No,3.22,0.32,3.29,0.42,3.22,0.32,No,No,Polar,-1.432492781,1.652456947,0.215568492,0.020093694,0,5.07,0.62,GYR 96-1,GYR
BAS_97,BAS,24,Gymnoscopelus braueri,GYR,JR177/305/2,NA,1,Y,-52.86,-40.1,2008,NA,NA,NA,NA,3.5,0,J,2008,-52.86,-40.1,15.5,206,NA,1.9,-0.1,110.75,-0.372630805,SANT,-24,2,-4.53,3.6,-25.41167667,0,Gymnoscopelus,braueri,167,elongated,No,1.08,13.3,pelagic,migratory,0,1000,4,13.2,SL,NA,Myctophidae,Myctophiformes,No,Yes,No,3.22,0.32,3.29,0.42,3.22,0.32,No,No,Polar,0.364129506,1.689942475,0.22256537,0.01138606,0,4.57,0,GYR 97,GYR
BAS_98,BAS,#108,Gymnoscopelus braueri,GYR,JR15004/96/1,NA,1,Y,-60.3073,-46.7017,2016,NA,NA,NA,NA,8.4,0,F,2016,-60.31,-46.31,200,400,NA,1.8,-0.08,300,-0.261639535,APLR,-30,0.5,-4.14,3.91,-26.46684609,0,Gymnoscopelus,braueri,167,elongated,No,1.08,13.3,pelagic,migratory,0,1000,4,13.2,SL,NA,Myctophidae,Myctophiformes,No,Yes,No,3.22,0.32,3.29,0.42,3.22,0.32,No,No,Polar,-0.254059674,1.687501936,0.195328236,0.010933231,0,4.94,0,GYR 98,GYR
BAS_99,BAS,25,Gymnoscopelus braueri,GYR,JR177/305/2,NA,1,Y,-52.86,-40.1,2008,NA,NA,NA,NA,5,0,J,2008,-52.86,-40.1,15.5,206,NA,1.9,-0.1,110.75,-0.372630805,SANT,-24,2,-4.87,3.94,-26.36094876,0,Gymnoscopelus,braueri,167,elongated,No,1.08,13.3,pelagic,migratory,0,1000,4,13.2,SL,NA,Myctophidae,Myctophiformes,No,Yes,No,3.22,0.32,3.29,0.42,3.22,0.32,No,No,Polar,-0.77758153,1.68415729,0.226864778,0.010882612,0,5.2,0,GYR 99,GYR
BAS_100,BAS,27,Gymnoscopelus braueri,GYR,JR177/305/2,NA,1,Y,-52.86,-40.1,2008,NA,NA,NA,NA,5.9,0,J,2008,-52.86,-40.1,15.5,206,NA,1.9,-0.1,110.75,-0.372630805,SANT,-24,2,-4.34,3.83,-26.22002723,0,Gymnoscopelus,braueri,167,elongated,No,1.08,13.3,pelagic,migratory,0,1000,4,13.2,SL,NA,Myctophidae,Myctophiformes,No,Yes,No,3.22,0.32,3.29,0.42,3.22,0.32,No,No,Polar,-0.373861849,1.681693203,0.209377499,0.010749401,0,5.37,0,GYR 100,GYR
BAS_101,BAS,28,Gymnoscopelus braueri,GYR,JR177/305/2,NA,1,Y,-52.86,-40.1,2008,NA,NA,NA,NA,9.4,0,J,2008,-52.86,-40.1,15.5,206,NA,1.9,-0.1,110.75,-0.372630805,SANT,-24,2,-3.81,3.9,-25.53234243,0,Gymnoscopelus,braueri,167,elongated,No,1.08,13.3,pelagic,migratory,0,1000,4,13.2,SL,NA,Myctophidae,Myctophiformes,No,Yes,No,3.22,0.32,3.29,0.42,3.22,0.32,No,No,Polar,-0.639920586,1.714729177,0.195815764,0.010733234,0,4.95,0,GYR 101,GYR
BAS_102,BAS,20,Gymnoscopelus braueri,GYR,JR177/305/2,NA,1,Y,-52.86,-40.1,2008,NA,NA,NA,NA,20.7,0,M,2008,-52.86,-40.1,15.5,206,NA,1.9,-0.1,110.75,-0.372630805,SANT,-24,2,-4.52,4.25,-27.98064968,0,Gymnoscopelus,braueri,167,elongated,No,1.08,13.3,pelagic,migratory,0,1000,4,13.2,SL,NA,Myctophidae,Myctophiformes,No,Yes,No,3.22,0.32,3.29,0.42,3.22,0.32,No,No,Polar,-1.877801934,1.698681804,0.203427444,0.009619019,0,4.8,0,GYR 102,GYR
BAS_103,BAS,#109,Gymnoscopelus braueri,GYR,JR15004/96/1,NA,1,Y,-60.3073,-46.7017,2016,NA,NA,NA,NA,6.2,0,J,2016,-60.31,-46.31,200,400,NA,1.8,-0.08,300,-0.261639535,APLR,-30,0.5,-5.01,3.79,-26.94995833,0,Gymnoscopelus,braueri,167,elongated,No,1.08,13.3,pelagic,migratory,0,1000,4,13.2,SL,NA,Myctophidae,Myctophiformes,No,Yes,No,3.22,0.32,3.29,0.42,3.22,0.32,No,No,Polar,0.158498823,1.708995034,0.221722873,0.011664248,0,4.82,0,GYR 103,GYR
BAS_104,BAS,#110,Gymnoscopelus braueri,GYR,JR15004/96/1,NA,1,Y,-60.3073,-46.7017,2016,NA,NA,NA,NA,14.1,0,F,2016,-60.31,-46.31,200,400,NA,1.8,-0.08,300,-0.261639535,APLR,-30,0.5,-4.19,3.98,-27.78584866,0,Gymnoscopelus,braueri,167,elongated,No,1.08,13.3,pelagic,migratory,0,1000,4,13.2,SL,NA,Myctophidae,Myctophiformes,No,Yes,No,3.22,0.32,3.29,0.42,3.22,0.32,No,No,Polar,-0.538895456,1.727826834,0.188563571,0.010380075,0,5.64,0,GYR 104,GYR
BAS_105,BAS,116,Gymnoscopelus braueri,GYR,JR15004/60/1,NA,1,Y,-59.9641,-47.1774,2016,NA,NA,NA,NA,11.3,0,M,2016,-59.96,-47.18,700,1000,NA,1.8,-0.08,850,-0.120896734,APLR,-30,0.5,-4.25,4.09,-27.47152067,0,Gymnoscopelus,braueri,167,elongated,No,1.08,13.3,pelagic,migratory,0,1000,4,13.2,SL,NA,Myctophidae,Myctophiformes,No,Yes,No,3.22,0.32,3.29,0.42,3.22,0.32,No,No,Polar,-0.376863655,1.688647411,0.191895391,0.01080285,0,4.87,0,GYR 105,GYR
BAS_106,BAS,107,Gymnoscopelus braueri,GYR,JR15004/66/1,NA,1,Y,-60.0328,-46.6157,2016,NA,NA,NA,NA,13.9,0,F,2016,-60.03,-46.62,200,400,NA,1.8,-0.08,300,-0.261639535,APLR,-30,0.5,-4.19,3.98,-26.38342435,0,Gymnoscopelus,braueri,167,elongated,No,1.08,13.3,pelagic,migratory,0,1000,4,13.2,SL,NA,Myctophidae,Myctophiformes,No,Yes,No,3.22,0.32,3.29,0.42,3.22,0.32,No,No,Polar,-0.506277756,1.714623538,0.197026684,0.01109076,0,5.07,0,GYR 106,GYR
BAS_107,BAS,21,Gymnoscopelus braueri,GYR,JR177/305/2,NA,1,Y,-52.86,-40.1,2008,NA,NA,NA,NA,6.4,0,F,2008,-52.86,-40.1,15.5,206,NA,1.9,-0.1,110.75,-0.372630805,SANT,-24,2,-4.08,3.9,-24.75439549,0,Gymnoscopelus,braueri,167,elongated,No,1.08,13.3,pelagic,migratory,0,1000,4,13.2,SL,NA,Myctophidae,Myctophiformes,No,Yes,No,3.22,0.32,3.29,0.42,3.22,0.32,No,No,Polar,-0.626478651,1.707678944,0.211154061,0.01128986,0,4.56,0,GYR 107,GYR
BAS_110,BAS,102,Gymnoscopelus braueri,GYR,JR15004/73/1,NA,1,Y,-60.1027,-46.0406,2016,NA,NA,NA,NA,13.9,0,M,2016,-60.1,-46.04,200,400,NA,1.8,-0.08,300,-0.261639535,APLR,-30,0.5,-4.91,4.08,-28.73603932,0,Gymnoscopelus,braueri,167,elongated,No,1.08,13.3,pelagic,migratory,0,1000,4,13.2,SL,NA,Myctophidae,Myctophiformes,No,Yes,No,3.22,0.32,3.29,0.42,3.22,0.32,No,No,Polar,-0.843858319,1.678014211,0.205907825,0.010484819,0,5.21,0,GYR 110,GYR
BAS_111,BAS,101,Gymnoscopelus braueri,GYR,JR15004/73/1,NA,1,Y,-60.1027,-46.0406,2016,NA,NA,NA,NA,16.1,0,F,2016,-60.1,-46.04,200,400,NA,1.8,-0.08,300,-0.261639535,APLR,-30,0.5,-5.19,4.36,-28.46616629,0,Gymnoscopelus,braueri,167,elongated,No,1.08,13.3,pelagic,migratory,0,1000,4,13.2,SL,NA,Myctophidae,Myctophiformes,No,Yes,No,3.22,0.32,3.29,0.42,3.22,0.32,No,No,Polar,-1.81693448,1.704841222,0.216436927,0.010715817,0,4.95,0,GYR 111,GYR
BAS_112,BAS,#112,Gymnoscopelus braueri,GYR,JR15004/96/1,NA,1,Y,-60.3073,-46.7017,2016,NA,NA,NA,NA,10.4,0,J,2016,-60.31,-46.31,200,400,NA,1.8,-0.08,300,-0.261639535,APLR,-30,0.5,-4.1,3.87,-26.60579589,0,Gymnoscopelus,braueri,167,elongated,No,1.08,13.3,pelagic,migratory,0,1000,4,13.2,SL,NA,Myctophidae,Myctophiformes,No,Yes,No,3.22,0.32,3.29,0.42,3.22,0.32,No,No,Polar,-0.129542724,1.69009486,0.193347682,0.01090306,0,5.3,0,GYR 112,GYR
BAS_92,BAS,118,Gymnoscopelus nicholsi,GYN,JR15004/96/2,NA,NA,Y,-60.3073,-46.7017,2016,NA,NA,NA,NA,29.5,0,M,2016,-60.31,-46.31,0,200,NA,1.8,-0.08,100,-0.326009512,APLR,-30,0.5,NA,NA,NA,NA,Gymnoscopelus,nicholsi,167,elongated,No,1.33,14.6,pelagic,NA,0,700,4,16.1,SL,NA,Myctophidae,Myctophiformes,No,Yes,No,3.39,0.33,3.14,0.32,3.39,0.33,No,No,Polar,2.00972343,2.993241459,NA,NA,0,NA,NA,NA,NA
BAS_120,BAS,119,Gymnoscopelus nicholsi,GYN,JR15004/96/2,NA,1,Y,-60.3073,-46.7017,2016,NA,NA,NA,NA,30.1,0,M,2016,-60.31,-46.31,0,200,NA,1.8,-0.08,100,-0.326009512,APLR,-30,0.5,-2.59,3.18,-24.25138311,0,Gymnoscopelus,nicholsi,167,elongated,No,1.33,14.6,pelagic,NA,0,700,4,16.1,SL,NA,Myctophidae,Myctophiformes,No,Yes,No,3.39,0.33,3.14,0.32,3.39,0.33,No,No,Polar,2.004644698,1.694829763,0.152874011,0.011440756,0,5.38,0,GYN 120,GYN
BAS_121,BAS,123,Gymnoscopelus nicholsi,GYN,JR15004/96/2,NA,1,Y,-60.3073,-46.7017,2016,NA,NA,NA,NA,25.1,0,M,2016,-60.31,-46.31,0,200,NA,1.8,-0.08,100,-0.326009512,APLR,-30,0.5,-2.19,3.24,-25.97154948,0,Gymnoscopelus,nicholsi,167,elongated,No,1.33,14.6,pelagic,NA,0,700,4,16.1,SL,NA,Myctophidae,Myctophiformes,No,Yes,No,3.39,0.33,3.14,0.32,3.39,0.33,No,No,Polar,1.812853883,1.747490392,0.129504807,0.010194233,0,7.74,0,GYN 121,GYN
BAS_122,BAS,126,Gymnoscopelus nicholsi,GYN,JR15004/96/2,NA,1,Y,-60.3073,-46.7017,2016,NA,NA,NA,NA,38.7,0,M,2016,-60.31,-46.31,0,200,NA,1.8,-0.08,100,-0.326009512,APLR,-30,0.5,-2.5,3.02,-28.19997914,0,Gymnoscopelus,nicholsi,167,elongated,No,1.33,14.6,pelagic,NA,0,700,4,16.1,SL,NA,Myctophidae,Myctophiformes,No,Yes,No,3.39,0.33,3.14,0.32,3.39,0.33,No,No,Polar,2.522510735,1.701429076,0.130057246,0.009629718,0,7.4,0,GYN 122,GYN
BAS_123,BAS,124,Gymnoscopelus nicholsi,GYN,JR15004/96/2,NA,1,Y,-60.3073,-46.7017,2016,NA,NA,NA,NA,25.3,0,M,2016,-60.31,-46.31,0,200,NA,1.8,-0.08,100,-0.326009512,APLR,-30,0.5,-2.43,3.21,-25.59399812,0,Gymnoscopelus,nicholsi,167,elongated,No,1.33,14.6,pelagic,NA,0,700,4,16.1,SL,NA,Myctophidae,Myctophiformes,No,Yes,No,3.39,0.33,3.14,0.32,3.39,0.33,No,No,Polar,1.882165478,1.700869204,0.140076786,0.010599712,0,7.8,0,GYN 123,GYN
BAS_124,BAS,122,Gymnoscopelus nicholsi,GYN,JR15004/96/2,NA,1,Y,-60.3073,-46.7017,2016,NA,NA,NA,NA,21,0,M,2016,-60.31,-46.31,0,200,NA,1.8,-0.08,100,-0.326009512,APLR,-30,0.5,-2.5,2.91,-26.18054557,0,Gymnoscopelus,nicholsi,167,elongated,No,1.33,14.6,pelagic,NA,0,700,4,16.1,SL,NA,Myctophidae,Myctophiformes,No,Yes,No,3.39,0.33,3.14,0.32,3.39,0.33,No,No,Polar,2.889700565,1.708966032,0.139388469,0.01049607,0,7.93,0,GYN 124,GYN
BAS_125,BAS,125,Gymnoscopelus nicholsi,GYN,JR15004/96/2,NA,1,Y,-60.3073,-46.7017,2016,NA,NA,NA,NA,32.2,0,M,2016,-60.31,-46.31,0,200,NA,1.8,-0.08,100,-0.326009512,APLR,-30,0.5,-2.74,3.37,-24.51491171,0,Gymnoscopelus,nicholsi,167,elongated,No,1.33,14.6,pelagic,NA,0,700,4,16.1,SL,NA,Myctophidae,Myctophiformes,No,Yes,No,3.39,0.33,3.14,0.32,3.39,0.33,No,No,Polar,1.341168606,1.702942499,0.156916499,0.011109666,0,4.88,0,GYN 125,GYN
BAS_126,BAS,120,Gymnoscopelus nicholsi,GYN,JR15004/96/2,NA,1,Y,-60.3073,-46.7017,2016,NA,NA,NA,NA,32.2,0,M,2016,-60.31,-46.31,0,200,NA,1.8,-0.08,100,-0.326009512,APLR,-30,0.5,-2.4,3.18,-26.28094929,0,Gymnoscopelus,nicholsi,167,elongated,No,1.33,14.6,pelagic,NA,0,700,4,16.1,SL,NA,Myctophidae,Myctophiformes,No,Yes,No,3.39,0.33,3.14,0.32,3.39,0.33,No,No,Polar,2.009015772,1.721900631,0.135398587,0.010430335,0,7.14,0,GYN 126,GYN
BAS_127,BAS,121,Gymnoscopelus nicholsi,GYN,JR15004/96/2,NA,1,Y,-60.3073,-46.7017,2016,NA,NA,NA,NA,37.7,0,M,2016,-60.31,-46.31,0,200,NA,1.8,-0.08,100,-0.326009512,APLR,-30,0.5,-2.25,3.14,-27.84796677,0,Gymnoscopelus,nicholsi,167,elongated,No,1.33,14.6,pelagic,NA,0,700,4,16.1,SL,NA,Myctophidae,Myctophiformes,No,Yes,No,3.39,0.33,3.14,0.32,3.39,0.33,No,No,Polar,2.142900874,1.689670327,0.123389593,0.009652183,0,8.37,0,GYN 127,GYN
BAS_128,BAS,#3,Gymnoscopelus nicholsi,GYN,JR177/161/2,NA,1,Y,-59.69,-44.09,2008,NA,NA,NA,NA,35.5,0,F,2008,-59.68,-44.03,203.3,403.6,NA,1.8,-0.08,303.45,-0.250252336,APLR,-30,0.5,-2.36,3.06,-26.35605997,0,Gymnoscopelus,nicholsi,167,elongated,No,1.33,14.6,pelagic,NA,0,700,4,16.1,SL,NA,Myctophidae,Myctophiformes,No,Yes,No,3.39,0.33,3.14,0.32,3.39,0.33,No,No,Polar,2.61205136,1.691691669,0.136907922,0.009086898,0,7.6,0,GYN 128,GYN
BAS_220,BAS,#3,Gymnoscopelus nicholsi,GYN,JR177/161/2,NA,1,Y,-59.69,-44.09,2008,NA,NA,NA,NA,35.5,0,F,2008,-59.68,-44.03,203.3,403.6,NA,1.8,-0.08,303.45,-0.250252336,APLR,-30,0.5,-3.17,3.13,-26.18654474,0,Gymnoscopelus,nicholsi,167,elongated,No,1.33,14.6,pelagic,NA,0,700,4,16.1,SL,NA,Myctophidae,Myctophiformes,No,Yes,No,3.39,0.33,3.14,0.32,3.39,0.33,No,No,Polar,2.419309563,1.708264151,0.166081249,0.009897478,0,4.77,0,GYN 220,GYN
BAS_129,BAS,#75,Gymnoscopelus nicholsi,GYN,JR177/165/2,NA,1,Y,-59.68,-44.14,2008,NA,NA,NA,NA,28.4,0,F,2008,-59.69,-44.09,11.4,209,NA,1.8,-0.08,110.2,-0.322681218,APLR,-30,0.5,-2.59,3.42,-27.271753,0,Gymnoscopelus,nicholsi,167,elongated,No,1.33,14.6,pelagic,NA,0,700,4,16.1,SL,NA,Myctophidae,Myctophiformes,No,Yes,No,3.39,0.33,3.14,0.32,3.39,0.33,No,No,Polar,1.180091302,1.713473256,0.140364471,0.008899388,0,5.9,0,GYN 129,GYN
BAS_130,BAS,#66,Gymnoscopelus nicholsi,GYN,JR177/334/2,NA,1,Y,-52.64,-39.09,2008,NA,NA,NA,NA,23.2,0,F,2008,-52.64,-39.09,406.9,719.6,NA,1.9,-0.11,563.25,0.03448984,SANT,-24,2,-2.87,3.48,-24.93837411,0,Gymnoscopelus,nicholsi,167,elongated,No,1.33,14.6,pelagic,NA,0,700,4,16.1,SL,NA,Myctophidae,Myctophiformes,No,Yes,No,3.39,0.33,3.14,0.32,3.39,0.33,No,No,Polar,2.209433325,1.692692679,0.165288575,0.009978683,0,8.55,0,GYN 130,GYN
BAS_145,BAS,#15,Krefftichthys anderssoni,KRA,JR177/328/1,NA,1,C,-52.72,-39.08,2008,NA,NA,NA,NA,0.7,0,F,2008,-52.72,-39.08,204.1,405,NA,1.9,-0.11,304.55,-0.052425493,SANT,-24,2,-3.61,3.94,-24.16142492,0,Krefftichthys,anderssoni,167,elongated,No,1.41,18.1,pelagic,migratory,0,1000,2,7.1,SL,NA,Myctophidae,Myctophiformes,No,Yes,No,NA,NA,3.06,0.19,3.06,0.19,Yes,Yes,Polar,0.312767158,1.705823899,0.198203538,0.011139317,1,5.01,0,KRA 145,KRA
BAS_146,BAS,25,Krefftichthys anderssoni,KRA,JR16003/129/1,RAS,1,C,-54.99,-49.105,2016,NA,NA,NA,NA,0.7,0,F,2017,-54.68,-45.22,195.6,406.8,1.65,1.85,-0.1,301.2,-0.086165227,SANT,-24,2,-3.83,3.57,-27.35815891,0,Krefftichthys,anderssoni,167,elongated,No,1.41,18.1,pelagic,migratory,0,1000,2,7.1,SL,NA,Myctophidae,Myctophiformes,No,Yes,No,NA,NA,3.06,0.19,3.06,0.19,Yes,Yes,Polar,1.436939998,1.715590058,0.180422647,0.010513235,1,5.11,0,KRA 146,KRA
BAS_151,BAS,48,Krefftichthys anderssoni,KRA,JR16003/146/2,RAS,1,C,-54.99,-49.105,2016,NA,NA,NA,NA,1,0,F,2017,-53.95,-49.19,398.3,707.9,2.74,1.9,-0.1,553.1,-0.021559155,SANT,-24,2,-5.07,3.44,-27.22504862,0,Krefftichthys,anderssoni,167,elongated,No,1.41,18.1,pelagic,migratory,0,1000,2,7.1,SL,NA,Myctophidae,Myctophiformes,No,Yes,No,NA,NA,3.06,0.19,3.06,0.19,Yes,Yes,Polar,2.175136572,1.708679013,0.224069785,0.011379199,1,5.01,0,KRA 151,KRA
BAS_152,BAS,43,Krefftichthys anderssoni,KRA,JR16003/113/1,RAS,1,C,-54.99,-49.105,2016,NA,NA,NA,NA,3.7,0,NA,2017,-55.29,-41.35,196.7,398,2.06,1.85,-0.09,297.35,-0.055642206,ANTA,-29,1,-4.39,3.77,-27.08899949,0,Krefftichthys,anderssoni,167,elongated,No,1.41,18.1,pelagic,migratory,0,1000,2,7.1,SL,NA,Myctophidae,Myctophiformes,No,Yes,No,NA,NA,3.06,0.19,3.06,0.19,Yes,Yes,Polar,0.8966614,1.682816923,0.200689115,0.01085271,1,5.14,0,KRA 152,KRA
BAS_153,BAS,47,Krefftichthys anderssoni,KRA,JR16003/146/1,RAS,1,C,-54.99,-49.105,2016,NA,NA,NA,NA,1,0,M,2017,-53.94,-49.17,699.1,991.1,2.46,1.9,-0.1,845.1,0.016341919,SANT,-24,2,-4.28,3.5,-27.74334178,0,Krefftichthys,anderssoni,167,elongated,No,1.41,18.1,pelagic,migratory,0,1000,2,7.1,SL,NA,Myctophidae,Myctophiformes,No,Yes,No,NA,NA,3.06,0.19,3.06,0.19,Yes,Yes,Polar,2.098414113,1.715643452,0.194077152,0.010520745,1,6.14,0,KRA 153,KRA
BAS_155,BAS,33,Krefftichthys anderssoni,KRA,JR16003/147/1,RAS,1,C,-54.99,-49.105,2016,NA,NA,NA,NA,1.3,0,M,2017,-53.96,-49.24,198.3,398.5,2.71,1.9,-0.1,298.4,-0.11608272,SANT,-24,2,-3.25,3.36,-27.50360292,0,Krefftichthys,anderssoni,167,elongated,No,1.41,18.1,pelagic,migratory,0,1000,2,7.1,SL,NA,Myctophidae,Myctophiformes,No,Yes,No,NA,NA,3.06,0.19,3.06,0.19,Yes,Yes,Polar,2.099737749,1.745253196,0.160903768,0.010093009,1,6.2,0,KRA 155,KRA
BAS_156,BAS,40,Krefftichthys anderssoni,KRA,JR16003/129/2,RAS,1,C,-54.99,-49.105,2016,NA,NA,NA,NA,0.5,0,M,2017,-54.66,-45.2,82,208,0,1.85,-0.1,145,-0.371859103,SANT,-24,2,-4.49,3.72,-26.76345856,0,Krefftichthys,anderssoni,167,elongated,No,1.41,18.1,pelagic,migratory,0,1000,2,7.1,SL,NA,Myctophidae,Myctophiformes,No,Yes,No,NA,NA,3.06,0.19,3.06,0.19,Yes,Yes,Polar,-0.021484867,1.68959893,0.2063602,0.010969411,1,7.2,0,KRA 156,KRA
BAS_165,BAS,54,Krefftichthys anderssoni,KRA,JR16003/129/2,RAS,1,C,-54.99,-49.105,2016,NA,NA,NA,NA,0.9,0,M,2017,-54.66,-45.2,82,208,0,1.85,-0.1,145,-0.371859103,SANT,-24,2,-4.24,3.6,-27.04843432,0,Krefftichthys,anderssoni,167,elongated,No,1.41,18.1,pelagic,migratory,0,1000,2,7.1,SL,NA,Myctophidae,Myctophiformes,No,Yes,No,NA,NA,3.06,0.19,3.06,0.19,Yes,Yes,Polar,0.349696341,1.714756419,0.195977962,0.01071956,1,5.56,0,KRA 165,KRA
BAS_166,BAS,45,Krefftichthys anderssoni,KRA,JR16003/147/1,RAS,1,C,-54.99,-49.105,2016,NA,NA,NA,NA,0.7,0,M,2017,-53.96,-49.24,198.3,398.5,2.71,1.9,-0.1,298.4,-0.11608272,SANT,-24,2,-4.04,3.64,-28.05511496,0,Krefftichthys,anderssoni,167,elongated,No,1.41,18.1,pelagic,migratory,0,1000,2,7.1,SL,NA,Myctophidae,Myctophiformes,No,Yes,No,NA,NA,3.06,0.19,3.06,0.19,Yes,Yes,Polar,1.11902511,1.677885759,0.184146465,0.010255373,1,6.06,0,KRA 166,KRA
BAS_167,BAS,44,Krefftichthys anderssoni,KRA,JR16003/129/2,RAS,1,C,-54.99,-49.105,2016,NA,NA,NA,NA,3.1,0,F,2017,-54.66,-45.2,82,208,0,1.85,-0.1,145,-0.371859103,SANT,-24,2,-4.31,3.78,-27.46195427,0,Krefftichthys,anderssoni,167,elongated,No,1.41,18.1,pelagic,migratory,0,1000,2,7.1,SL,NA,Myctophidae,Myctophiformes,No,Yes,No,NA,NA,3.06,0.19,3.06,0.19,Yes,Yes,Polar,-0.200453111,1.698786939,0.195648523,0.010552352,1,5.11,0,KRA 167,KRA
BAS_168,BAS,32,Krefftichthys anderssoni,KRA,JR16003/147/1,RAS,1,C,-54.99,-49.105,2016,NA,NA,NA,NA,1.6,0,M,2017,-53.96,-49.24,198.3,398.5,2.71,1.9,-0.1,298.4,-0.11608272,SANT,-24,2,-4.2,3.14,-27.83811742,0,Krefftichthys,anderssoni,167,elongated,No,1.41,18.1,pelagic,migratory,0,1000,2,7.1,SL,NA,Myctophidae,Myctophiformes,No,Yes,No,NA,NA,3.06,0.19,3.06,0.19,Yes,Yes,Polar,2.805245594,1.697061747,0.190951779,0.010481502,1,6.39,0,KRA 168,KRA
BAS_169,BAS,24,Krefftichthys anderssoni,KRA,JR16003/146/1,RAS,1,C,-54.99,-49.105,2016,NA,NA,NA,NA,1.4,0,F,2017,-53.94,-49.17,699.1,991.1,2.46,1.9,-0.1,845.1,0.016341919,SANT,-24,2,-3.8,3.25,-28.23746411,0,Krefftichthys,anderssoni,167,elongated,No,1.41,18.1,pelagic,migratory,0,1000,2,7.1,SL,NA,Myctophidae,Myctophiformes,No,Yes,No,NA,NA,3.06,0.19,3.06,0.19,Yes,Yes,Polar,2.904105695,1.703223873,0.175261624,0.009867353,1,7.2,0,KRA 169,KRA
BAS_170,BAS,46,Krefftichthys anderssoni,KRA,JR16003/129/1,RAS,1,C,-54.99,-49.105,2016,NA,NA,NA,NA,1.7,0,F,2017,-54.68,-45.22,195.6,406.8,1.65,1.85,-0.1,301.2,-0.086165227,SANT,-24,2,-4.4,3.91,-26.8607071,0,Krefftichthys,anderssoni,167,elongated,No,1.41,18.1,pelagic,migratory,0,1000,2,7.1,SL,NA,Myctophidae,Myctophiformes,No,Yes,No,NA,NA,3.06,0.19,3.06,0.19,Yes,Yes,Polar,0.313233659,1.708765896,0.202748653,0.011112485,1,5.29,0,KRA 170,KRA
BAS_172,BAS,31,Krefftichthys anderssoni,KRA,JR16003/147/1,RAS,1,C,-54.99,-49.105,2016,NA,NA,NA,NA,1,0,M,2017,-53.96,-49.24,198.3,398.5,2.71,1.9,-0.1,298.4,-0.11608272,SANT,-24,2,-3.95,3.65,-26.71879157,0,Krefftichthys,anderssoni,167,elongated,No,1.41,18.1,pelagic,migratory,0,1000,2,7.1,SL,NA,Myctophidae,Myctophiformes,No,Yes,No,NA,NA,3.06,0.19,3.06,0.19,Yes,Yes,Polar,1.129654565,1.719089543,0.189476365,0.010560312,1,4.99,0,KRA 172,KRA
BAS_174,BAS,21,Krefftichthys anderssoni,KRA,JR16003/129/2,RAS,1,C,-54.99,-49.105,2016,NA,NA,NA,NA,1.8,0,M,2017,-54.66,-45.2,82,208,0,1.85,-0.1,145,-0.371859103,SANT,-24,2,-4.15,3.78,-27.13752887,0,Krefftichthys,anderssoni,167,elongated,No,1.41,18.1,pelagic,migratory,0,1000,2,7.1,SL,NA,Myctophidae,Myctophiformes,No,Yes,No,NA,NA,3.06,0.19,3.06,0.19,Yes,Yes,Polar,-0.239611964,1.717098209,0.192279154,0.010647732,1,6.26,0,KRA 174,KRA
BAS_175,BAS,22,Krefftichthys anderssoni,KRA,JR16003/146/1,RAS,1,C,-54.99,-49.105,2016,NA,NA,NA,NA,1,0,F,2017,-53.94,-49.17,699.1,991.1,2.46,1.9,-0.1,845.1,0.016341919,SANT,-24,2,-3.65,3.45,-27.34853365,0,Krefftichthys,anderssoni,167,elongated,No,1.41,18.1,pelagic,migratory,0,1000,2,7.1,SL,NA,Myctophidae,Myctophiformes,No,Yes,No,NA,NA,3.06,0.19,3.06,0.19,Yes,Yes,Polar,2.227847039,1.697475648,0.175150643,0.010504671,1,5.08,0,KRA 175,KRA
BAS_176,BAS,23,Krefftichthys anderssoni,KRA,JR16003/146/1,RAS,1,C,-54.99,-49.105,2016,NA,NA,NA,NA,0.8,0,F,2017,-53.94,-49.17,699.1,991.1,2.46,1.9,-0.1,845.1,0.016341919,SANT,-24,2,-4.16,3.52,-26.92327795,0,Krefftichthys,anderssoni,167,elongated,No,1.41,18.1,pelagic,migratory,0,1000,2,7.1,SL,NA,Myctophidae,Myctophiformes,No,Yes,No,NA,NA,3.06,0.19,3.06,0.19,Yes,Yes,Polar,1.956038347,1.686662166,0.195306117,0.010762302,1,5.04,0,KRA 176,KRA
BAS_177,BAS,28,Krefftichthys anderssoni,KRA,JR16003/129/2,RAS,1,C,-54.99,-49.105,2016,NA,NA,NA,NA,1.1,0,M,2017,-54.66,-45.2,82,208,0,1.85,-0.1,145,-0.371859103,SANT,-24,2,-3.65,3.49,-27.19018534,0,Krefftichthys,anderssoni,167,elongated,No,1.41,18.1,pelagic,migratory,0,1000,2,7.1,SL,NA,Myctophidae,Myctophiformes,No,Yes,No,NA,NA,3.06,0.19,3.06,0.19,Yes,Yes,Polar,0.773907552,1.69828926,0.175029227,0.010336216,1,5.59,0,KRA 177,KRA
BAS_178,BAS,26,Krefftichthys anderssoni,KRA,JR16003/129/2,RAS,1,C,-54.99,-49.105,2016,NA,NA,NA,NA,1.5,0,F,2017,-54.66,-45.2,82,208,0,1.85,-0.1,145,-0.371859103,SANT,-24,2,-4.46,3.84,-27.16714289,0,Krefftichthys,anderssoni,167,elongated,No,1.41,18.1,pelagic,migratory,0,1000,2,7.1,SL,NA,Myctophidae,Myctophiformes,No,Yes,No,NA,NA,3.06,0.19,3.06,0.19,Yes,Yes,Polar,-0.415423013,1.718577236,0.202906894,0.010731363,1,5.76,0,KRA 178,KRA
BAS_221,BAS,27,Krefftichthys anderssoni,KRA,JR16003/129/2,RAS,NA,C,-54.99,-49.105,2016,NA,NA,NA,NA,0.9,0,M,2017,-54.66,-45.2,82,208,0,1.85,-0.1,145,-0.371859103,SANT,-24,2,-3.84,3.81,-27.15,0.84,Krefftichthys,anderssoni,167,elongated,No,1.41,18.1,pelagic,migratory,0,1000,2,7.1,SL,NA,Myctophidae,Myctophiformes,No,Yes,No,NA,NA,3.06,0.19,3.06,0.19,Yes,Yes,Polar,-0.318434807,1.700010266,0.181903685,0.011896353,1,5.69,0.72,NA,KRA
BAS_188,BAS,#26,Protomyctophum bolini,PRM,JR177/305/1,RAS,1,Y,-52.83,-40.12,2008,NA,NA,NA,NA,1.8,0,F,2008,-52.83,-40.12,200,401.2,NA,1.9,-0.1,300.6,-0.06824851,SANT,-24,2,-3.13,3.85,-24.64322154,0,Protomyctophum,bolini,167,fusiform / normal,No,0.91,21.4,pelagic,migratory,200,400,NA,6.7,SL,NA,Myctophidae,Myctophiformes,No,Yes,No,3.04,0,3.09,0.26,3.04,0,No,No,Polar,0.606679365,1.709006589,0.177188619,0.010379975,0,4.07,0,PRM 188,PRM
BAS_189,BAS,#126,Protomyctophum bolini,PRM,JR177/301/1,RAS,1,Y,-52.9,-40.21,2008,NA,NA,NA,NA,0.8,0,M,2008,-52.9,-40.21,203,402,NA,1.9,-0.1,302.5,-0.06824851,SANT,-24,2,-1.62,3.41,-22.95231459,0,Protomyctophum,bolini,167,fusiform / normal,No,0.91,21.4,pelagic,migratory,200,400,NA,6.7,SL,NA,Myctophidae,Myctophiformes,No,Yes,No,3.04,0,3.09,0.26,3.04,0,No,No,Polar,2.102069804,1.704218563,0.129231168,0.010391411,0,4.19,0,PRM 189,PRM
BAS_191,BAS,#30,Protomyctophum bolini,PRM,JR177/301/1,RAS,NA,Y,-52.9,-40.21,2008,NA,NA,NA,NA,0.6,0,J,2008,-52.9,-40.21,203,402,NA,1.9,-0.1,302.5,-0.06824851,SANT,-24,2,-2.27,3.49,-25.03100231,0,Protomyctophum,bolini,167,fusiform / normal,No,0.91,21.4,pelagic,migratory,200,400,NA,6.7,SL,NA,Myctophidae,Myctophiformes,No,Yes,No,3.04,0,3.09,0.26,3.04,0,No,No,Polar,1.785647704,1.710060614,0.142912294,0.009738612,0,4.37,0,NA,PRM
BAS_192,BAS,#25,Protomyctophum bolini,PRM,JR177/328/1,RAS,1,Y,-52.72,-39.08,2008,NA,NA,NA,NA,1.6,0,M,2008,-52.72,-39.08,204.1,405,NA,1.9,-0.11,304.55,-0.052425493,SANT,-24,2,-3.07,3.99,-25.40420457,0,Protomyctophum,bolini,167,fusiform / normal,No,0.91,21.4,pelagic,migratory,200,400,NA,6.7,SL,NA,Myctophidae,Myctophiformes,No,Yes,No,3.04,0,3.09,0.26,3.04,0,No,No,Polar,0.118063306,1.709461666,0.169908824,0.01003825,0,4.58,0,PRM 192,PRM
BAS_193,BAS,#26,Protomyctophum bolini,PRM,JR177/328/1,RAS,1,Y,-52.72,-39.08,2008,NA,NA,NA,NA,2.2,0,F,2008,-52.72,-39.08,204.1,405,NA,1.9,-0.11,304.55,-0.052425493,SANT,-24,2,-3.95,3.52,-26.03611603,0,Protomyctophum,bolini,167,fusiform / normal,No,0.91,21.4,pelagic,migratory,200,400,NA,6.7,SL,NA,Myctophidae,Myctophiformes,No,Yes,No,3.04,0,3.09,0.26,3.04,0,No,No,Polar,1.797714631,1.718937614,0.19710126,0.010431043,0,5.57,0,PRM 193,PRM
BAS_194,BAS,#34,Protomyctophum bolini,PRM,JR177/301/1,RAS,1,Y,-52.9,-40.21,2008,NA,NA,NA,NA,0.7,0,J,2008,-52.9,-40.21,203,402,NA,1.9,-0.1,302.5,-0.06824851,SANT,-24,2,-1.95,3.55,-24.35105724,0,Protomyctophum,bolini,167,fusiform / normal,No,0.91,21.4,pelagic,migratory,200,400,NA,6.7,SL,NA,Myctophidae,Myctophiformes,No,Yes,No,3.04,0,3.09,0.26,3.04,0,No,No,Polar,1.613929816,1.684764798,0.135013585,0.009661536,0,5.22,0,PRM 194,PRM
BAS_195,BAS,#33,Protomyctophum bolini,PRM,JR177/301/1,RAS,1,Y,-52.9,-40.21,2008,NA,NA,NA,NA,0.8,0,M,2008,-52.9,-40.21,203,402,NA,1.9,-0.1,302.5,-0.06824851,SANT,-24,2,-1.76,3.48,-23.2210823,0,Protomyctophum,bolini,167,fusiform / normal,No,0.91,21.4,pelagic,migratory,200,400,NA,6.7,SL,NA,Myctophidae,Myctophiformes,No,Yes,No,3.04,0,3.09,0.26,3.04,0,No,No,Polar,1.828221648,1.734979665,0.133269213,0.010154502,0,4.31,0,PRM 195,PRM
BAS_196,BAS,#27,Protomyctophum bolini,PRM,JR177/328/1,RAS,1,Y,-52.72,-39.08,2008,NA,NA,NA,NA,1.6,0,F,2008,-52.72,-39.08,204.1,405,NA,1.9,-0.11,304.55,-0.052425493,SANT,-24,2,-1.78,3.49,-25.16398061,0,Protomyctophum,bolini,167,fusiform / normal,No,0.91,21.4,pelagic,migratory,200,400,NA,6.7,SL,NA,Myctophidae,Myctophiformes,No,Yes,No,3.04,0,3.09,0.26,3.04,0,No,No,Polar,1.867969006,1.711369438,0.124436865,0.009259384,0,4.82,0,PRM 196,PRM
BAS_200,BAS,64,Protomyctophum bolini,PRM,JR16003/112/2,RAS,1,Y,-54.99,-49.105,2016,NA,NA,NA,NA,0.6,0,M,2016,-55.26,-41.2,NA,NA,NA,1.85,-0.09,NA,-0.372243345,ANTA,-29,1,-2.85,3.26,-23.35602972,0,Protomyctophum,bolini,167,fusiform / normal,No,0.91,21.4,pelagic,migratory,200,400,NA,6.7,SL,NA,Myctophidae,Myctophiformes,No,Yes,No,3.04,0,3.09,0.26,3.04,0,No,No,Polar,1.546956527,1.713289116,0.170176304,0.011601172,0,3.57,0,PRM 200,PRM
BAS_201,BAS,59,Protomyctophum bolini,PRM,JR16003/112/2,RAS,NA,Y,-54.99,-49.105,2016,NA,NA,NA,NA,2.3,0,M,2016,-55.26,-41.2,NA,NA,NA,1.85,-0.09,NA,-0.372243345,ANTA,-29,1,-3.37,3.32,-24.40491678,0,Protomyctophum,bolini,167,fusiform / normal,No,0.91,21.4,pelagic,migratory,200,400,NA,6.7,SL,NA,Myctophidae,Myctophiformes,No,Yes,No,3.04,0,3.09,0.26,3.04,0,No,No,Polar,1.354770326,1.692293547,0.182683182,0.011605648,0,3.71,0,PRM 201,PRM
BAS_203,BAS,61,Protomyctophum bolini,PRM,JR16003/112/2,RAS,1,Y,-54.99,-49.105,2016,NA,NA,NA,NA,1.7,0,M,2016,-55.26,-41.2,NA,NA,NA,1.85,-0.09,NA,-0.372243345,ANTA,-29,1,-3.43,3.71,-25.38119302,0,Protomyctophum,bolini,167,fusiform / normal,No,0.91,21.4,pelagic,migratory,200,400,NA,6.7,SL,NA,Myctophidae,Myctophiformes,No,Yes,No,3.04,0,3.09,0.26,3.04,0,No,No,Polar,0.059145267,1.689158303,0.178653921,0.010874274,0,4.32,0,PRM 203,PRM
BAS_204,BAS,62,Protomyctophum bolini,PRM,JR16003/112/2,RAS,1,Y,-54.99,-49.105,2016,NA,NA,NA,NA,0.8,0,M,2016,-55.26,-41.2,NA,NA,NA,1.85,-0.09,NA,-0.372243345,ANTA,-29,1,-3.27,3.38,-23.63000741,0,Protomyctophum,bolini,167,fusiform / normal,No,0.91,21.4,pelagic,migratory,200,400,NA,6.7,SL,NA,Myctophidae,Myctophiformes,No,Yes,No,3.04,0,3.09,0.26,3.04,0,No,No,Polar,1.14346196,1.735389417,0.184382699,0.012100729,0,3.59,0,PRM 204,PRM
BAS_205,BAS,63,Protomyctophum bolini,PRM,JR16003/112/2,RAS,1,Y,-54.99,-49.105,2016,NA,NA,NA,NA,1,0,M,2016,-55.26,-41.2,NA,NA,NA,1.85,-0.09,NA,-0.372243345,ANTA,-29,1,-3.33,3.65,-25.62139116,0,Protomyctophum,bolini,167,fusiform / normal,No,0.91,21.4,pelagic,migratory,200,400,NA,6.7,SL,NA,Myctophidae,Myctophiformes,No,Yes,No,3.04,0,3.09,0.26,3.04,0,No,No,Polar,0.199253538,1.698559018,0.173433246,0.01095087,0,4.07,0,PRM 205,PRM
BAS_212,BAS,70,Protomyctophum bolini,PRM,JR16003/113/1,RAS,1,Y,-54.99,-49.105,2016,NA,NA,NA,NA,1.1,0,M,2017,-55.29,-41.35,196.7,398,2.06,1.85,-0.09,297.35,-0.055642206,ANTA,-29,1,-3.88,3.64,-25.6757361,0,Protomyctophum,bolini,167,fusiform / normal,No,0.91,21.4,pelagic,migratory,200,400,NA,6.7,SL,NA,Myctophidae,Myctophiformes,No,Yes,No,3.04,0,3.09,0.26,3.04,0,No,No,Polar,1.379368431,1.724073724,0.192896349,0.010911266,0,4.4,0,PRM 212,PRM
BAS_213,BAS,74,Protomyctophum bolini,PRM,JR16003/129/1,RAS,1,C,-54.99,-49.105,2016,NA,NA,NA,NA,1.7,0,F,2017,-54.68,-45.22,195.6,406.8,1.65,1.85,-0.1,301.2,-0.086165227,SANT,-24,2,-3.72,3.52,-25.33865988,0,Protomyctophum,bolini,167,fusiform / normal,No,0.91,21.4,pelagic,migratory,200,400,NA,6.7,SL,NA,Myctophidae,Myctophiformes,No,Yes,No,3.04,0,3.09,0.26,3.04,0,No,No,Polar,1.640225111,1.717886598,0.189385094,0.011466788,1,4.25,0,PRM 213,PRM
BAS_214,BAS,77,Protomyctophum bolini,PRM,JR16003/129/1,RAS,1,Y,-54.99,-49.105,2016,NA,NA,NA,NA,0.5,0,M,2017,-54.68,-45.22,195.6,406.8,1.65,1.85,-0.1,301.2,-0.086165227,SANT,-24,2,-3.08,3.94,-25.4453396,0,Protomyctophum,bolini,167,fusiform / normal,No,0.91,21.4,pelagic,migratory,200,400,NA,6.7,SL,NA,Myctophidae,Myctophiformes,No,Yes,No,3.04,0,3.09,0.26,3.04,0,No,No,Polar,0.192187578,1.728222853,0.165210531,0.010735732,0,3.93,0,PRM 214,PRM
BAS_215,BAS,78,Protomyctophum bolini,PRM,JR16003/129/1,RAS,1,Y,-54.99,-49.105,2016,NA,NA,NA,NA,1.9,0,F,2017,-54.68,-45.22,195.6,406.8,1.65,1.85,-0.1,301.2,-0.086165227,SANT,-24,2,-3.4,3.67,-26.27259281,0,Protomyctophum,bolini,167,fusiform / normal,No,0.91,21.4,pelagic,migratory,200,400,NA,6.7,SL,NA,Myctophidae,Myctophiformes,No,Yes,No,3.04,0,3.09,0.26,3.04,0,No,No,Polar,1.113012296,1.685842945,0.171657259,0.010528155,0,4.72,0,PRM 215,PRM
BAS_217,BAS,76,Protomyctophum bolini,PRM,JR16003/129/1,RAS,1,Y,-54.99,-49.105,2016,NA,NA,NA,NA,1.5,0,M,2017,-54.68,-45.22,195.6,406.8,1.65,1.85,-0.1,301.2,-0.086165227,SANT,-24,2,-4.02,3.71,-25.40799702,0,Protomyctophum,bolini,167,fusiform / normal,No,0.91,21.4,pelagic,migratory,200,400,NA,6.7,SL,NA,Myctophidae,Myctophiformes,No,Yes,No,3.04,0,3.09,0.26,3.04,0,No,No,Polar,0.984552023,1.688863642,0.199917361,0.011423473,0,3.74,0,PRM 217,PRM
BAS_218,BAS,75,Protomyctophum bolini,PRM,JR16003/129/1,RAS,1,Y,-54.99,-49.105,2016,NA,NA,NA,NA,1.2,0,M,2017,-54.68,-45.22,195.6,406.8,1.65,1.85,-0.1,301.2,-0.086165227,SANT,-24,2,-2.97,3.83,-26.17492349,0,Protomyctophum,bolini,167,fusiform / normal,No,0.91,21.4,pelagic,migratory,200,400,NA,6.7,SL,NA,Myctophidae,Myctophiformes,No,Yes,No,3.04,0,3.09,0.26,3.04,0,No,No,Polar,0.605595907,1.691134456,0.157213576,0.010464322,0,4.32,0,PRM 218,PRM
BAS_219,BAS,66,Protomyctophum bolini,PRM,JR16003/113/1,RAS,1,C,-54.99,-49.105,2016,NA,NA,NA,NA,2.1,0,F,2017,-55.29,-41.35,196.7,398,2.06,1.85,-0.09,297.35,-0.055642206,ANTA,-29,1,-3.9,3.8,-25.89251505,0,Protomyctophum,bolini,167,fusiform / normal,No,0.91,21.4,pelagic,migratory,200,400,NA,6.7,SL,NA,Myctophidae,Myctophiformes,No,Yes,No,3.04,0,3.09,0.26,3.04,0,No,No,Polar,0.842402837,1.706764133,0.191891284,0.011285197,1,5.02,0,PRM 219,PRM
