"","MyNumber","Collections","ID","sciname","Label","Station","Notes","Muscle","Otolith","Lat_dec.x","Long_dec.x","Year.x","Min.Depth","Max.Depth","Salinity","SST","Weight.x","Weight_SD","Sex","Year.y","Lat_dec.y","Long_dec.y","Min_Depth","Max_Depth","Temp","DIC","Suess","Depth_Mid","D18O_vals","Province","Phyto","Phyto_sd","d13C","d18O","d13C_musc","d13C_musc_SD","Genus","Species","FamCode","BodyShapeI","Compressed","AspectRatio","DepthOverTL","DemersPelag","AnaCat","DepthRangeShallow","DepthRangeDeep","LongevityWild","Length","LTypeMaxM","Weight.y","Family","Order","Neritic","Oceanic","Estuaries","DietTroph","DietSeTroph","FoodTroph","FoodSeTroph","UseTroph","UseTrophSe","Schooling","Shoaling","Temperature","mean_Temp","sd_Temp","mean_M","sd_M"
"1","BAS_19","BAS","#113","Electrona antarctica","ELN","JR15004/91/1",NA,1,"Y",-60.2326,-46.1921,2016,NA,NA,NA,NA,5,0,"F",2016,-60.23,-46.19,700,1000,NA,1.8,-0.08,850,-0.120896734,"APLR",-30,0.5,-4.86,4.04,-27.68,0,"Electrona","antarctica",167,"fusiform / normal","No",1.48,21.2,"pelagic","migratory",0,1000,3,10.3,"SL",NA,"Myctophidae","Myctophiformes","No","Yes","No",3.21,0.35,3.14,0.39,3.21,0.35,"No","No","Polar",-0.258936335581621,1.71226333598977,0.211486904799184,0.0107482571003222
"2","BAS_21","BAS","134","Electrona antarctica","ELN","JR15004/65/2",NA,2,"Y",-60.0345,-46.5806,2016,NA,NA,NA,NA,5,0,"M",2016,-60.03,-46.58,400,700,NA,1.8,-0.08,550,-0.121972002,"APLR",-30,0.5,-5.8,3.66,-27.1,0.32,"Electrona","antarctica",167,"fusiform / normal","No",1.48,21.2,"pelagic","migratory",0,1000,3,10.3,"SL",NA,"Myctophidae","Myctophiformes","No","Yes","No",3.21,0.35,3.14,0.39,3.21,0.35,"No","No","Polar",1.04228830386276,1.67571487007173,0.248029786569306,0.0121954557273237
"3","BAS_31","BAS","#125","Electrona antarctica","ELN","JR15004/72/1",NA,1,"Y",-60.0737,-46.0612,2016,NA,NA,NA,NA,4.4,0,"F",2016,-60.07,-46.06,700,1000,NA,1.8,-0.08,850,-0.120896734,"APLR",-30,0.5,-4.84,3.71,-26.65555603,0,"Electrona","antarctica",167,"fusiform / normal","No",1.48,21.2,"pelagic","migratory",0,1000,3,10.3,"SL",NA,"Myctophidae","Myctophiformes","No","Yes","No",3.21,0.35,3.14,0.39,3.21,0.35,"No","No","Polar",0.914700841199058,1.7090675605679,0.218251449854185,0.0113280056670159
"4","BAS_32","BAS","#126","Electrona antarctica","ELN","JR15004/72/1",NA,1,"Y",-60.0737,-46.0612,2016,NA,NA,NA,NA,10,0,"F",2016,-60.07,-46.06,700,1000,NA,1.8,-0.08,850,-0.120896734,"APLR",-30,0.5,-5.55,4.2,-28.10743211,0,"Electrona","antarctica",167,"fusiform / normal","No",1.48,21.2,"pelagic","migratory",0,1000,3,10.3,"SL",NA,"Myctophidae","Myctophiformes","No","Yes","No",3.21,0.35,3.14,0.39,3.21,0.35,"No","No","Polar",-0.816347609173814,1.70393815371529,0.231324041544085,0.0113120624178551
"5","BAS_33","BAS","#127","Electrona antarctica","ELN","JR15004/72/1",NA,1,"Y",-60.0737,-46.0612,2016,NA,NA,NA,NA,6.6,0,"F",2016,-60.07,-46.06,700,1000,NA,1.8,-0.08,850,-0.120896734,"APLR",-30,0.5,-4.56,3.5,-27.33313701,0,"Electrona","antarctica",167,"fusiform / normal","No",1.48,21.2,"pelagic","migratory",0,1000,3,10.3,"SL",NA,"Myctophidae","Myctophiformes","No","Yes","No",3.21,0.35,3.14,0.39,3.21,0.35,"No","No","Polar",1.61187094315294,1.69096084180618,0.203545481976164,0.0108784164831838
"6","BAS_35","BAS","#128","Electrona antarctica","ELN","JR15004/72/1",NA,1,"Y",-60.0737,-46.0612,2016,NA,NA,NA,NA,6.6,0,"M",2016,-60.07,-46.06,700,1000,NA,1.8,-0.08,850,-0.120896734,"APLR",-30,0.5,-4.66,3.73,-26.46764553,0,"Electrona","antarctica",167,"fusiform / normal","No",1.48,21.2,"pelagic","migratory",0,1000,3,10.3,"SL",NA,"Myctophidae","Myctophiformes","No","Yes","No",3.21,0.35,3.14,0.39,3.21,0.35,"No","No","Polar",0.801262276536722,1.69620807822102,0.213450979328316,0.011217897663633
"7","BAS_36","BAS","#130","Electrona antarctica","ELN","JR15004/82/1",NA,1,"Y",-60.3158,-46.4933,2016,NA,NA,NA,NA,6.9,0,"M",2016,-60.32,-46.49,63,63,NA,1.8,-0.08,63,-0.326009512,"APLR",-30,0.5,NA,NA,-26.43330347,0,"Electrona","antarctica",167,"fusiform / normal","No",1.48,21.2,"pelagic","migratory",0,1000,3,10.3,"SL",NA,"Myctophidae","Myctophiformes","No","Yes","No",3.21,0.35,3.14,0.39,3.21,0.35,"No","No","Polar",2.0335672963001,3.01708438930302,NA,NA
"8","BAS_37","BAS","64","Electrona antarctica","ELN","JR177/199/2",NA,1,"Y",-58.01,-43.05,2008,NA,NA,NA,NA,6.6,0,"M",2008,-58.01,-43.12,204.4,414.5,NA,1.8,-0.08,309.45,-0.170474783,"ANTA",-29,1,-5.38,3.6,-27.7185545,0,"Electrona","antarctica",167,"fusiform / normal","No",1.48,21.2,"pelagic","migratory",0,1000,3,10.3,"SL",NA,"Myctophidae","Myctophiformes","No","Yes","No",3.21,0.35,3.14,0.39,3.21,0.35,"No","No","Polar",1.09407497928383,1.72641456011837,0.23161853904641,0.010711997564144
"9","BAS_38","BAS","43","Electrona antarctica","ELN","JR177/205/1",NA,1,"Y",-58.02,-42.97,2008,NA,NA,NA,NA,9,0,"F",2008,-58.02,-42.97,704.2,1003,NA,1.8,-0.08,853.6,-0.120874882,"ANTA",-29,1,-4.07,3.83,-26.90672538,0,"Electrona","antarctica",167,"fusiform / normal","No",1.48,21.2,"pelagic","migratory",0,1000,3,10.3,"SL",NA,"Myctophidae","Myctophiformes","No","Yes","No",3.21,0.35,3.14,0.39,3.21,0.35,"No","No","Polar",0.426527357000406,1.71869339893712,0.192650345772185,0.00994220271300299
"10","BAS_42","BAS","#58","Electrona antarctica","ELN","JR177/199/2",NA,1,"Y",-58.01,-43.05,2008,NA,NA,NA,NA,4.8,0,"M",2008,-58.01,-43.12,204.4,414.5,NA,1.8,-0.08,309.45,-0.170474783,"ANTA",-29,1,-4.56,3.7,-27.48305306,0,"Electrona","antarctica",167,"fusiform / normal","No",1.48,21.2,"pelagic","migratory",0,1000,3,10.3,"SL",NA,"Myctophidae","Myctophiformes","No","Yes","No",3.21,0.35,3.14,0.39,3.21,0.35,"No","No","Polar",0.747217742196797,1.70461514454771,0.205562079002811,0.00996665711231394
"11","BAS_52","BAS","#114","Electrona antarctica","ELN","JR15004/91/1",NA,1,"Y",-60.2326,-46.1921,2016,NA,NA,NA,NA,5.3,0,"M",2016,-60.23,-46.19,700,1000,NA,1.8,-0.08,850,-0.120896734,"APLR",-30,0.5,-4.6,3.8,-27.38799205,0,"Electrona","antarctica",167,"fusiform / normal","No",1.48,21.2,"pelagic","migratory",0,1000,3,10.3,"SL",NA,"Myctophidae","Myctophiformes","No","Yes","No",3.21,0.35,3.14,0.39,3.21,0.35,"No","No","Polar",0.548865233143878,1.72808707941332,0.204685487842008,0.0107900290607311
"12","BAS_59","BAS","57","Electrona antarctica","ELN","JR16003/39/1","RAS",1,"Y",-54.99,-49.105,2016,NA,NA,NA,NA,6.1,0,"F",2016,-53.5,-39.25,19,202,NA,1.9,-0.1,110.5,-0.372505248,"ANTA",-29,1,-5.37,3.69,-27.12543738,0,"Electrona","antarctica",167,"fusiform / normal","No",1.48,21.2,"pelagic","migratory",0,1000,3,10.3,"SL",NA,"Myctophidae","Myctophiformes","No","Yes","No",3.21,0.35,3.14,0.39,3.21,0.35,"No","No","Polar",0.0572371636008992,1.69405471871284,0.235187328130744,0.0117226755822951
"13","BAS_60","BAS","6","Electrona antarctica","ELN","JR16003/113/1","RYAN",1,"Y",-54.99,-49.105,2016,NA,NA,NA,NA,1.8,0,"M",2017,-55.29,-41.35,196.7,398,2.06,1.85,-0.09,297.35,-0.055642206,"ANTA",-29,1,-5.66,3.71,-27.20201199,0,"Electrona","antarctica",167,"fusiform / normal","No",1.48,21.2,"pelagic","migratory",0,1000,3,10.3,"SL",NA,"Myctophidae","Myctophiformes","No","Yes","No",3.21,0.35,3.14,0.39,3.21,0.35,"No","No","Polar",1.08140039236318,1.69795878083396,0.243586088448972,0.0117069905480292
"14","BAS_61","BAS","55","Electrona antarctica","ELN","JR16003/39/2","RAS",NA,"Y",-54.99,-49.105,2016,NA,NA,NA,NA,6.8,5.9,"F",2016,-53.53,-39.25,15,209,NA,1.9,-0.1,112,-0.225334823,"ANTA",-29,1,-4.17,4.09,-27.15607574,0,"Electrona","antarctica",167,"fusiform / normal","No",1.48,21.2,"pelagic","migratory",0,1000,3,10.3,"SL",NA,"Myctophidae","Myctophiformes","No","Yes","No",3.21,0.35,3.14,0.39,3.21,0.35,"No","No","Polar",-0.805611780987047,1.69966178357279,0.194620881127559,0.0107802958532613
"15","BAS_62","BAS","8","Electrona antarctica","ELN","JR16003/129/2","RYAN",1,"Y",-54.99,-49.105,2016,NA,NA,NA,NA,6.2,0,"M",2017,-54.66,-45.2,82,208,0,1.85,-0.1,145,-0.371859103,"SANT",-24,2,-4.11,3.78,-27.10812562,0,"Electrona","antarctica",167,"fusiform / normal","No",1.48,21.2,"pelagic","migratory",0,1000,3,10.3,"SL",NA,"Myctophidae","Myctophiformes","No","Yes","No",3.21,0.35,3.14,0.39,3.21,0.35,"No","No","Polar",-0.214363170659732,1.71146575879113,0.191342913909156,0.0107143450717113
"16","BAS_65","BAS","11","Electrona antarctica","ELN","JR16003/113/1","RYAN",1,"Y",-54.99,-49.105,2016,NA,NA,NA,NA,1.3,0,"M",2017,-55.29,-41.35,196.7,398,2.06,1.85,-0.09,297.35,-0.055642206,"ANTA",-29,1,-3.76,3.81,-27.55444794,0,"Electrona","antarctica",167,"fusiform / normal","No",1.48,21.2,"pelagic","migratory",0,1000,3,10.3,"SL",NA,"Myctophidae","Myctophiformes","No","Yes","No",3.21,0.35,3.14,0.39,3.21,0.35,"No","No","Polar",0.725638047302094,1.70379121078066,0.176537596749989,0.0104176852722357
"17","BAS_67","BAS","4","Electrona antarctica","ELN","JR16003/113/2","RYAN",1,"Y",-54.99,-49.105,2016,NA,NA,NA,NA,3.3,0,"M",2017,-55.3,-41.36,27.7,210.6,0.6,1.85,-0.1,119.15,-0.372243345,"ANTA",-29,1,-4.81,3.89,-26.43534262,0,"Electrona","antarctica",167,"fusiform / normal","No",1.48,21.2,"pelagic","migratory",0,1000,3,10.3,"SL",NA,"Myctophidae","Myctophiformes","No","Yes","No",3.21,0.35,3.14,0.39,3.21,0.35,"No","No","Polar",-0.608633834953834,1.6977839257233,0.219846408664624,0.0116653931754447
"18","BAS_69","BAS","3","Electrona antarctica","ELN","JR16003/146/2","RYAN",1,"Y",-54.99,-49.105,2016,NA,NA,NA,NA,6,0,"M",2017,-53.95,-49.19,398.3,707.9,2.74,1.9,-0.1,553.1,-0.021559155,"SANT",-24,2,-5.24,4.08,-27.04466551,0,"Electrona","antarctica",167,"fusiform / normal","No",1.48,21.2,"pelagic","migratory",0,1000,3,10.3,"SL",NA,"Myctophidae","Myctophiformes","No","Yes","No",3.21,0.35,3.14,0.39,3.21,0.35,"No","No","Polar",-0.112477889480737,1.7035321837216,0.231386153231895,0.01156738590665
"19","BAS_71","BAS","2","Electrona antarctica","ELN","JR16003/112/2","RYAN",1,"Y",-54.99,-49.105,2016,NA,NA,NA,NA,7.7,0,"F",2016,-55.26,-41.2,NA,NA,NA,1.85,-0.09,NA,-0.372243345,"ANTA",-29,1,-5.22,3.73,-27.37165135,0,"Electrona","antarctica",167,"fusiform / normal","No",1.48,21.2,"pelagic","migratory",0,1000,3,10.3,"SL",NA,"Myctophidae","Myctophiformes","No","Yes","No",3.21,0.35,3.14,0.39,3.21,0.35,"No","No","Polar",-0.0481802735096074,1.69849284611284,0.227033379678324,0.0114521717737885
"20","BAS_72","BAS","5","Electrona antarctica","ELN","JR16003/129/2","RYAN",1,"Y",-54.99,-49.105,2016,NA,NA,NA,NA,6.1,0,"F",2017,-54.66,-45.2,82,208,0,1.85,-0.1,145,-0.371859103,"SANT",-24,2,-4.52,3.64,-26.87940392,0,"Electrona","antarctica",167,"fusiform / normal","No",1.48,21.2,"pelagic","migratory",0,1000,3,10.3,"SL",NA,"Myctophidae","Myctophiformes","No","Yes","No",3.21,0.35,3.14,0.39,3.21,0.35,"No","No","Polar",0.242513758354841,1.72033800637448,0.20696419995306,0.0110181319018309
"21","BAS_73","BAS","158","Electrona carlsbergi","ELC","JR177/357/1",NA,1,"Y",-50.55,-34.05,2008,NA,NA,NA,NA,4.8,0,"M",2008,-50.55,-34.05,3.8,206.8,NA,1.95,-0.1,105.3,-0.366572708,"SANT",-24,2,-3.11,2.92,-24.27,0,"Electrona","carlsbergi",167,"fusiform / normal","No",1.14,21.2,"pelagic","migratory",0,400,3,9.6,"SL",14.6,"Myctophidae","Myctophiformes","No","Yes","No",3.22,NA,3.24,0.41,3.22,0,"Yes","Yes","Polar",2.72524543387648,1.70621079342346,0.180525068590606,0.0107201326482817
"22","BAS_74","BAS","201","Electrona carlsbergi","ELC","JR38/185/1",NA,NA,"Y",-55.23,-36.15,1998,NA,NA,NA,NA,6.3,0,"M",1998,-53.34,-39.13,NA,NA,NA,1.9,-0.1,NA,-0.372505248,"ANTA",-29,1,-3.03,3.41,-24.39,0.71,"Electrona","carlsbergi",167,"fusiform / normal","No",1.14,21.2,"pelagic","migratory",0,400,3,9.6,"SL",14.6,"Myctophidae","Myctophiformes","No","Yes","No",3.22,NA,3.24,0.41,3.22,0,"Yes","Yes","Polar",1.07063199307696,1.69849996806217,0.179401595588341,0.0109814417308012
"23","BAS_75","BAS","148","Electrona carlsbergi","ELC","JR177/357/1",NA,1,"Y",-50.55,-34.05,2008,NA,NA,NA,NA,5.2,0,"U",2008,-50.55,-34.05,3.8,206.8,NA,1.95,-0.1,105.3,-0.366572708,"SANT",-24,2,-2.71,3.03,-23.24849487,0,"Electrona","carlsbergi",167,"fusiform / normal","No",1.14,21.2,"pelagic","migratory",0,400,3,9.6,"SL",14.6,"Myctophidae","Myctophiformes","No","Yes","No",3.22,NA,3.24,0.41,3.22,0,"Yes","Yes","Polar",2.39457521304783,1.70066294351674,0.171872846318777,0.010735877613234
"24","BAS_76","BAS","150","Electrona carlsbergi","ELC","JR177/357/1",NA,2,"Y",-50.55,-34.05,2008,NA,NA,NA,NA,5.5,0.3,"U",2008,-50.55,-34.05,3.8,206.8,NA,1.95,-0.1,105.3,-0.366572708,"SANT",-24,2,-2.73,2.94,-24.11,0,"Electrona","carlsbergi",167,"fusiform / normal","No",1.14,21.2,"pelagic","migratory",0,400,3,9.6,"SL",14.6,"Myctophidae","Myctophiformes","No","Yes","No",3.22,NA,3.24,0.41,3.22,0,"Yes","Yes","Polar",2.68143710139226,1.73082153377223,0.167131905021273,0.0102875941805133
"25","BAS_77","BAS","145","Electrona carlsbergi","ELC","JR177/357/1",NA,1,"Y",-50.55,-34.05,2008,NA,NA,NA,NA,6,0,"U",2008,-50.55,-34.05,3.8,206.8,NA,1.95,-0.1,105.3,-0.366572708,"SANT",-24,2,-2.51,3.4,-24.42423867,0,"Electrona","carlsbergi",167,"fusiform / normal","No",1.14,21.2,"pelagic","migratory",0,400,3,9.6,"SL",14.6,"Myctophidae","Myctophiformes","No","Yes","No",3.22,NA,3.24,0.41,3.22,0,"Yes","Yes","Polar",1.08362573938965,1.70297713066553,0.156982396222867,0.0100211260535812
"26","BAS_78","BAS","146","Electrona carlsbergi","ELC","JR177/357/1",NA,1,"Y",-50.55,-34.05,2008,NA,NA,NA,NA,6.4,0,"U",2008,-50.55,-34.05,3.8,206.8,NA,1.95,-0.1,105.3,-0.366572708,"SANT",-24,2,-3.13,2.87,-25.53494671,0,"Electrona","carlsbergi",167,"fusiform / normal","No",1.14,21.2,"pelagic","migratory",0,400,3,9.6,"SL",14.6,"Myctophidae","Myctophiformes","No","Yes","No",3.22,NA,3.24,0.41,3.22,0,"Yes","Yes","Polar",2.89200667539827,1.71094873929448,0.172786901865204,0.00992774927264304
"27","BAS_79","BAS","152","Electrona carlsbergi","ELC","JR177/357/1",NA,2,"Y",-50.55,-34.05,2008,NA,NA,NA,NA,5.9,1.2,"U",2008,-50.55,-34.05,3.8,206.8,NA,1.95,-0.1,105.3,-0.366572708,"SANT",-24,2,-3.06,3.21,-24.17,0.28,"Electrona","carlsbergi",167,"fusiform / normal","No",1.14,21.2,"pelagic","migratory",0,400,3,9.6,"SL",14.6,"Myctophidae","Myctophiformes","No","Yes","No",3.22,NA,3.24,0.41,3.22,0,"Yes","Yes","Polar",1.74470489204695,1.7018254675429,0.179208537456087,0.0110291927653214
"28","BAS_80","BAS","151","Electrona carlsbergi","ELC","JR177/357/1",NA,2,"Y",-50.55,-34.05,2008,NA,NA,NA,NA,5.75,0.05,"U",2008,-50.55,-34.05,3.8,206.8,NA,1.95,-0.1,105.3,-0.366572708,"SANT",-24,2,-2.54,3.03,-24.03,0.93,"Electrona","carlsbergi",167,"fusiform / normal","No",1.14,21.2,"pelagic","migratory",0,400,3,9.6,"SL",14.6,"Myctophidae","Myctophiformes","No","Yes","No",3.22,NA,3.24,0.41,3.22,0,"Yes","Yes","Polar",2.35373788165468,1.72459572280319,0.160544691178295,0.0121502058380208
"29","BAS_81","BAS","147","Electrona carlsbergi","ELC","JR177/357/1",NA,1,"Y",-50.55,-34.05,2008,NA,NA,NA,NA,5.8,0,"U",2008,-50.55,-34.05,3.8,206.8,NA,1.95,-0.1,105.3,-0.366572708,"SANT",-24,2,-2.56,2.85,-24.65599843,0,"Electrona","carlsbergi",167,"fusiform / normal","No",1.14,21.2,"pelagic","migratory",0,400,3,9.6,"SL",14.6,"Myctophidae","Myctophiformes","No","Yes","No",3.22,NA,3.24,0.41,3.22,0,"Yes","Yes","Polar",2.98660327150406,1.68998587849573,0.157192078687407,0.00998748453370642
"30","BAS_82","BAS","149","Electrona carlsbergi","ELC","JR177/357/1",NA,2,"Y",-50.55,-34.05,2008,NA,NA,NA,NA,5.35,0.05,"U",2008,-50.55,-34.05,3.8,206.8,NA,1.95,-0.1,105.3,-0.366572708,"SANT",-24,2,-2.36,2.97,-23.96,0.31,"Electrona","carlsbergi",167,"fusiform / normal","No",1.14,21.2,"pelagic","migratory",0,400,3,9.6,"SL",14.6,"Myctophidae","Myctophiformes","No","Yes","No",3.22,NA,3.24,0.41,3.22,0,"Yes","Yes","Polar",2.54777982604065,1.7223675499401,0.15435191574193,0.0103792224259246
"31","BAS_83","BAS","149","Electrona carlsbergi","ELC","JR177/357/1",NA,2,"Y",-50.55,-34.05,2008,NA,NA,NA,NA,5.35,0.05,"U",2008,-50.55,-34.05,3.8,206.8,NA,1.95,-0.1,105.3,-0.366572708,"SANT",-24,2,-3.03,3.37,-23.96,0.31,"Electrona","carlsbergi",167,"fusiform / normal","No",1.14,21.2,"pelagic","migratory",0,400,3,9.6,"SL",14.6,"Myctophidae","Myctophiformes","No","Yes","No",3.22,NA,3.24,0.41,3.22,0,"Yes","Yes","Polar",1.18009887720528,1.6920651888196,0.179483089298496,0.0108563126049303
"32","BAS_84","BAS","150","Electrona carlsbergi","ELC","JR177/357/1",NA,2,"Y",-50.55,-34.05,2008,NA,NA,NA,NA,5.5,0.3,"U",2008,-50.55,-34.05,3.8,206.8,NA,1.95,-0.1,105.3,-0.366572708,"SANT",-24,2,-2.98,3.02,-24.11,0,"Electrona","carlsbergi",167,"fusiform / normal","No",1.14,21.2,"pelagic","migratory",0,400,3,9.6,"SL",14.6,"Myctophidae","Myctophiformes","No","Yes","No",3.22,NA,3.24,0.41,3.22,0,"Yes","Yes","Polar",2.37580294305677,1.7097045355955,0.176706951024784,0.0109508149167004
"33","BAS_85","BAS","151","Electrona carlsbergi","ELC","JR177/357/1",NA,2,"Y",-50.55,-34.05,2008,NA,NA,NA,NA,5.75,0.05,"U",2008,-50.55,-34.05,3.8,206.8,NA,1.95,-0.1,105.3,-0.366572708,"SANT",-24,2,-3.51,2.88,-24.03,0.93,"Electrona","carlsbergi",167,"fusiform / normal","No",1.14,21.2,"pelagic","migratory",0,400,3,9.6,"SL",14.6,"Myctophidae","Myctophiformes","No","Yes","No",3.22,NA,3.24,0.41,3.22,0,"Yes","Yes","Polar",2.86949614353052,1.6884723109735,0.197620525124333,0.0128997322601334
"34","BAS_86","BAS","155","Electrona carlsbergi","ELC","JR177/357/1",NA,1,"Y",-50.55,-34.05,2008,NA,NA,NA,NA,5.6,0,"M",2008,-50.55,-34.05,3.8,206.8,NA,1.95,-0.1,105.3,-0.366572708,"SANT",-24,2,-2.77,3.21,-25.92052979,0,"Electrona","carlsbergi",167,"fusiform / normal","No",1.14,21.2,"pelagic","migratory",0,400,3,9.6,"SL",14.6,"Myctophidae","Myctophiformes","No","Yes","No",3.22,NA,3.24,0.41,3.22,0,"Yes","Yes","Polar",1.7814568383019,1.69081268581168,0.157759052367799,0.00949581187223503
"35","BAS_87","BAS","153","Electrona carlsbergi","ELC","JR177/357/1",NA,1,"Y",-50.55,-34.05,2008,NA,NA,NA,NA,7.4,0,"M",2008,-50.55,-34.05,3.8,206.8,NA,1.95,-0.1,105.3,-0.366572708,"SANT",-24,2,-2.43,3.38,-23.91615627,0,"Electrona","carlsbergi",167,"fusiform / normal","No",1.14,21.2,"pelagic","migratory",0,400,3,9.6,"SL",14.6,"Myctophidae","Myctophiformes","No","Yes","No",3.22,NA,3.24,0.41,3.22,0,"Yes","Yes","Polar",1.13793040731229,1.69199114592066,0.156926316596846,0.0103688060115497
"36","BAS_88","BAS","154","Electrona carlsbergi","ELC","JR177/357/1",NA,NA,"Y",-50.55,-34.05,2008,NA,NA,NA,NA,7.7,0,"M",2008,-50.55,-34.05,3.8,206.8,NA,1.95,-0.1,105.3,-0.366572708,"SANT",-24,2,-2.73,2.87,-25.1430277,0,"Electrona","carlsbergi",167,"fusiform / normal","No",1.14,21.2,"pelagic","migratory",0,400,3,9.6,"SL",14.6,"Myctophidae","Myctophiformes","No","Yes","No",3.22,NA,3.24,0.41,3.22,0,"Yes","Yes","Polar",2.91185283082399,1.71499682650266,0.16094898017466,0.0100669128611809
"37","BAS_89","BAS","157","Electrona carlsbergi","ELC","JR177/357/1",NA,1,"Y",-50.55,-34.05,2008,NA,NA,NA,NA,5.8,0,"F",2008,-50.55,-34.05,3.8,206.8,NA,1.95,-0.1,105.3,-0.366572708,"SANT",-24,2,-2.99,3.07,-24.99926607,0,"Electrona","carlsbergi",167,"fusiform / normal","No",1.14,21.2,"pelagic","migratory",0,400,3,9.6,"SL",14.6,"Myctophidae","Myctophiformes","No","Yes","No",3.22,NA,3.24,0.41,3.22,0,"Yes","Yes","Polar",2.22432298135834,1.71708777566835,0.170988020818001,0.0101437720729723
"38","BAS_90","BAS","103","Gymnoscopelus braueri","GYR","JR15004/66/1",NA,1,"Y",-60.0328,-46.6157,2016,NA,NA,NA,NA,8.7,0,"M",2016,-60.03,-46.62,200,400,NA,1.8,-0.08,300,-0.261639535,"APLR",-30,0.5,-5.18,3.8,-26.97327389,0,"Gymnoscopelus","braueri",167,"elongated","No",1.08,13.3,"pelagic","migratory",0,1000,4,13.2,"SL",NA,"Myctophidae","Myctophiformes","No","Yes","No",3.22,0.32,3.29,0.42,3.22,0.32,"No","No","Polar",0.0846589099888549,1.74024010627817,0.227559149898549,0.0118014502430593
"39","BAS_91","BAS","117","Gymnoscopelus braueri","GYR","JR15004/60/1",NA,1,"Y",-59.9641,-47.1774,2016,NA,NA,NA,NA,8.6,0,"M",2016,-59.96,-47.18,700,1000,NA,1.8,-0.08,850,-0.120896734,"APLR",-30,0.5,-5.17,4.03,-28.23531577,0,"Gymnoscopelus","braueri",167,"elongated","No",1.08,13.3,"pelagic","migratory",0,1000,4,13.2,"SL",NA,"Myctophidae","Myctophiformes","No","Yes","No",3.22,0.32,3.29,0.42,3.22,0.32,"No","No","Polar",-0.212683942290313,1.69263392810024,0.21781832219842,0.0108664472263302
"40","BAS_93","BAS","#113","Gymnoscopelus braueri","GYR","JR15004/96/1",NA,1,"Y",-60.3073,-46.7017,2016,NA,NA,NA,NA,15.6,0,"F",2016,-60.31,-46.31,200,400,NA,1.8,-0.08,300,-0.261639535,"APLR",-30,0.5,-5.04,3.98,-28.22301274,0,"Gymnoscopelus","braueri",167,"elongated","No",1.08,13.3,"pelagic","migratory",0,1000,4,13.2,"SL",NA,"Myctophidae","Myctophiformes","No","Yes","No",3.22,0.32,3.29,0.42,3.22,0.32,"No","No","Polar",-0.509247081422178,1.68000498224894,0.213636933024981,0.0107610906609817
"41","BAS_94","BAS","114","Gymnoscopelus braueri","GYR","JR15004/96/1",NA,1,"Y",-60.3073,-46.7017,2016,NA,NA,NA,NA,16.3,0,"M",2016,-60.31,-46.31,200,400,NA,1.8,-0.08,300,-0.261639535,"APLR",-30,0.5,-4.72,4.32,-27.42825786,0,"Gymnoscopelus","braueri",167,"elongated","No",1.08,13.3,"pelagic","migratory",0,1000,4,13.2,"SL",NA,"Myctophidae","Myctophiformes","No","Yes","No",3.22,0.32,3.29,0.42,3.22,0.32,"No","No","Polar",-1.67876739011873,1.68315669699905,0.208548701787937,0.011187295966021
"42","BAS_95","BAS","#111","Gymnoscopelus braueri","GYR","JR15004/96/1",NA,1,"Y",-60.3073,-46.7017,2016,NA,NA,NA,NA,10.4,0,"J",2016,-60.31,-46.31,200,400,NA,1.8,-0.08,300,-0.261639535,"APLR",-30,0.5,-4.21,4.19,-28.21805771,0,"Gymnoscopelus","braueri",167,"elongated","No",1.08,13.3,"pelagic","migratory",0,1000,4,13.2,"SL",NA,"Myctophidae","Myctophiformes","No","Yes","No",3.22,0.32,3.29,0.42,3.22,0.32,"No","No","Polar",-1.26408232914113,1.69584823942156,0.186416316715693,0.0103090065914941
"43","BAS_96","BAS","22","Gymnoscopelus braueri","GYR","JR177/305/2",NA,2,"Y",-52.86,-40.1,2008,NA,NA,NA,NA,6.4,0,"F",2008,-52.86,-40.1,15.5,206,NA,1.9,-0.1,110.75,-0.372630805,"SANT",-24,2,-4.27,4.13,-25.4,2.07,"Gymnoscopelus","braueri",167,"elongated","No",1.08,13.3,"pelagic","migratory",0,1000,4,13.2,"SL",NA,"Myctophidae","Myctophiformes","No","Yes","No",3.22,0.32,3.29,0.42,3.22,0.32,"No","No","Polar",-1.43249278082843,1.65245694731702,0.215568491878908,0.0200936938644532
"44","BAS_97","BAS","24","Gymnoscopelus braueri","GYR","JR177/305/2",NA,1,"Y",-52.86,-40.1,2008,NA,NA,NA,NA,3.5,0,"J",2008,-52.86,-40.1,15.5,206,NA,1.9,-0.1,110.75,-0.372630805,"SANT",-24,2,-4.53,3.6,-25.41167667,0,"Gymnoscopelus","braueri",167,"elongated","No",1.08,13.3,"pelagic","migratory",0,1000,4,13.2,"SL",NA,"Myctophidae","Myctophiformes","No","Yes","No",3.22,0.32,3.29,0.42,3.22,0.32,"No","No","Polar",0.364129505612309,1.68994247480541,0.222565369506794,0.0113860600087695
"45","BAS_98","BAS","#108","Gymnoscopelus braueri","GYR","JR15004/96/1",NA,1,"Y",-60.3073,-46.7017,2016,NA,NA,NA,NA,8.4,0,"F",2016,-60.31,-46.31,200,400,NA,1.8,-0.08,300,-0.261639535,"APLR",-30,0.5,-4.14,3.91,-26.46684609,0,"Gymnoscopelus","braueri",167,"elongated","No",1.08,13.3,"pelagic","migratory",0,1000,4,13.2,"SL",NA,"Myctophidae","Myctophiformes","No","Yes","No",3.22,0.32,3.29,0.42,3.22,0.32,"No","No","Polar",-0.254059674069172,1.68750193643876,0.195328236162016,0.0109332305911149
"46","BAS_99","BAS","25","Gymnoscopelus braueri","GYR","JR177/305/2",NA,1,"Y",-52.86,-40.1,2008,NA,NA,NA,NA,5,0,"J",2008,-52.86,-40.1,15.5,206,NA,1.9,-0.1,110.75,-0.372630805,"SANT",-24,2,-4.87,3.94,-26.36094876,0,"Gymnoscopelus","braueri",167,"elongated","No",1.08,13.3,"pelagic","migratory",0,1000,4,13.2,"SL",NA,"Myctophidae","Myctophiformes","No","Yes","No",3.22,0.32,3.29,0.42,3.22,0.32,"No","No","Polar",-0.777581530308989,1.68415729004587,0.226864778494302,0.0108826122774896
"47","BAS_100","BAS","27","Gymnoscopelus braueri","GYR","JR177/305/2",NA,1,"Y",-52.86,-40.1,2008,NA,NA,NA,NA,5.9,0,"J",2008,-52.86,-40.1,15.5,206,NA,1.9,-0.1,110.75,-0.372630805,"SANT",-24,2,-4.34,3.83,-26.22002723,0,"Gymnoscopelus","braueri",167,"elongated","No",1.08,13.3,"pelagic","migratory",0,1000,4,13.2,"SL",NA,"Myctophidae","Myctophiformes","No","Yes","No",3.22,0.32,3.29,0.42,3.22,0.32,"No","No","Polar",-0.37386184945219,1.68169320322834,0.209377498731596,0.0107494010343218
"48","BAS_101","BAS","28","Gymnoscopelus braueri","GYR","JR177/305/2",NA,1,"Y",-52.86,-40.1,2008,NA,NA,NA,NA,9.4,0,"J",2008,-52.86,-40.1,15.5,206,NA,1.9,-0.1,110.75,-0.372630805,"SANT",-24,2,-3.81,3.9,-25.53234243,0,"Gymnoscopelus","braueri",167,"elongated","No",1.08,13.3,"pelagic","migratory",0,1000,4,13.2,"SL",NA,"Myctophidae","Myctophiformes","No","Yes","No",3.22,0.32,3.29,0.42,3.22,0.32,"No","No","Polar",-0.639920586128874,1.71472917720347,0.195815763740393,0.0107332341481059
"49","BAS_102","BAS","20","Gymnoscopelus braueri","GYR","JR177/305/2",NA,1,"Y",-52.86,-40.1,2008,NA,NA,NA,NA,20.7,0,"M",2008,-52.86,-40.1,15.5,206,NA,1.9,-0.1,110.75,-0.372630805,"SANT",-24,2,-4.52,4.25,-27.98064968,0,"Gymnoscopelus","braueri",167,"elongated","No",1.08,13.3,"pelagic","migratory",0,1000,4,13.2,"SL",NA,"Myctophidae","Myctophiformes","No","Yes","No",3.22,0.32,3.29,0.42,3.22,0.32,"No","No","Polar",-1.8778019336825,1.69868180391198,0.203427443825134,0.00961901931554538
"50","BAS_103","BAS","#109","Gymnoscopelus braueri","GYR","JR15004/96/1",NA,1,"Y",-60.3073,-46.7017,2016,NA,NA,NA,NA,6.2,0,"J",2016,-60.31,-46.31,200,400,NA,1.8,-0.08,300,-0.261639535,"APLR",-30,0.5,-5.01,3.79,-26.94995833,0,"Gymnoscopelus","braueri",167,"elongated","No",1.08,13.3,"pelagic","migratory",0,1000,4,13.2,"SL",NA,"Myctophidae","Myctophiformes","No","Yes","No",3.22,0.32,3.29,0.42,3.22,0.32,"No","No","Polar",0.15849882264207,1.708995033857,0.221722872876739,0.0116642476613849
"51","BAS_104","BAS","#110","Gymnoscopelus braueri","GYR","JR15004/96/1",NA,1,"Y",-60.3073,-46.7017,2016,NA,NA,NA,NA,14.1,0,"F",2016,-60.31,-46.31,200,400,NA,1.8,-0.08,300,-0.261639535,"APLR",-30,0.5,-4.19,3.98,-27.78584866,0,"Gymnoscopelus","braueri",167,"elongated","No",1.08,13.3,"pelagic","migratory",0,1000,4,13.2,"SL",NA,"Myctophidae","Myctophiformes","No","Yes","No",3.22,0.32,3.29,0.42,3.22,0.32,"No","No","Polar",-0.538895455568668,1.72782683443905,0.18856357122848,0.0103800754989913
"52","BAS_105","BAS","116","Gymnoscopelus braueri","GYR","JR15004/60/1",NA,1,"Y",-59.9641,-47.1774,2016,NA,NA,NA,NA,11.3,0,"M",2016,-59.96,-47.18,700,1000,NA,1.8,-0.08,850,-0.120896734,"APLR",-30,0.5,-4.25,4.09,-27.47152067,0,"Gymnoscopelus","braueri",167,"elongated","No",1.08,13.3,"pelagic","migratory",0,1000,4,13.2,"SL",NA,"Myctophidae","Myctophiformes","No","Yes","No",3.22,0.32,3.29,0.42,3.22,0.32,"No","No","Polar",-0.376863655378659,1.68864741062958,0.191895391282025,0.0108028498134683
"53","BAS_106","BAS","107","Gymnoscopelus braueri","GYR","JR15004/66/1",NA,1,"Y",-60.0328,-46.6157,2016,NA,NA,NA,NA,13.9,0,"F",2016,-60.03,-46.62,200,400,NA,1.8,-0.08,300,-0.261639535,"APLR",-30,0.5,-4.19,3.98,-26.38342435,0,"Gymnoscopelus","braueri",167,"elongated","No",1.08,13.3,"pelagic","migratory",0,1000,4,13.2,"SL",NA,"Myctophidae","Myctophiformes","No","Yes","No",3.22,0.32,3.29,0.42,3.22,0.32,"No","No","Polar",-0.506277755586817,1.71462353813194,0.197026683912671,0.0110907597275481
"54","BAS_107","BAS","21","Gymnoscopelus braueri","GYR","JR177/305/2",NA,1,"Y",-52.86,-40.1,2008,NA,NA,NA,NA,6.4,0,"F",2008,-52.86,-40.1,15.5,206,NA,1.9,-0.1,110.75,-0.372630805,"SANT",-24,2,-4.08,3.9,-24.75439549,0,"Gymnoscopelus","braueri",167,"elongated","No",1.08,13.3,"pelagic","migratory",0,1000,4,13.2,"SL",NA,"Myctophidae","Myctophiformes","No","Yes","No",3.22,0.32,3.29,0.42,3.22,0.32,"No","No","Polar",-0.626478650974717,1.70767894393461,0.211154061326036,0.0112898601146357
"55","BAS_110","BAS","102","Gymnoscopelus braueri","GYR","JR15004/73/1",NA,1,"Y",-60.1027,-46.0406,2016,NA,NA,NA,NA,13.9,0,"M",2016,-60.1,-46.04,200,400,NA,1.8,-0.08,300,-0.261639535,"APLR",-30,0.5,-4.91,4.08,-28.73603932,0,"Gymnoscopelus","braueri",167,"elongated","No",1.08,13.3,"pelagic","migratory",0,1000,4,13.2,"SL",NA,"Myctophidae","Myctophiformes","No","Yes","No",3.22,0.32,3.29,0.42,3.22,0.32,"No","No","Polar",-0.843858319494992,1.67801421083022,0.205907824893346,0.0104848186267965
"56","BAS_111","BAS","101","Gymnoscopelus braueri","GYR","JR15004/73/1",NA,1,"Y",-60.1027,-46.0406,2016,NA,NA,NA,NA,16.1,0,"F",2016,-60.1,-46.04,200,400,NA,1.8,-0.08,300,-0.261639535,"APLR",-30,0.5,-5.19,4.36,-28.46616629,0,"Gymnoscopelus","braueri",167,"elongated","No",1.08,13.3,"pelagic","migratory",0,1000,4,13.2,"SL",NA,"Myctophidae","Myctophiformes","No","Yes","No",3.22,0.32,3.29,0.42,3.22,0.32,"No","No","Polar",-1.81693447965635,1.70484122246476,0.216436926658467,0.0107158174190498
"57","BAS_112","BAS","#112","Gymnoscopelus braueri","GYR","JR15004/96/1",NA,1,"Y",-60.3073,-46.7017,2016,NA,NA,NA,NA,10.4,0,"J",2016,-60.31,-46.31,200,400,NA,1.8,-0.08,300,-0.261639535,"APLR",-30,0.5,-4.1,3.87,-26.60579589,0,"Gymnoscopelus","braueri",167,"elongated","No",1.08,13.3,"pelagic","migratory",0,1000,4,13.2,"SL",NA,"Myctophidae","Myctophiformes","No","Yes","No",3.22,0.32,3.29,0.42,3.22,0.32,"No","No","Polar",-0.129542723637407,1.69009485988308,0.193347681938762,0.0109030595601452
"58","BAS_92","BAS","118","Gymnoscopelus nicholsi","GYN","JR15004/96/2",NA,NA,"Y",-60.3073,-46.7017,2016,NA,NA,NA,NA,29.5,0,"M",2016,-60.31,-46.31,0,200,NA,1.8,-0.08,100,-0.326009512,"APLR",-30,0.5,NA,NA,NA,NA,"Gymnoscopelus","nicholsi",167,"elongated","No",1.33,14.6,"pelagic",NA,0,700,4,16.1,"SL",NA,"Myctophidae","Myctophiformes","No","Yes","No",3.39,0.33,3.14,0.32,3.39,0.33,"No","No","Polar",2.00972342978377,2.99324145904809,NA,NA
"59","BAS_120","BAS","119","Gymnoscopelus nicholsi","GYN","JR15004/96/2",NA,1,"Y",-60.3073,-46.7017,2016,NA,NA,NA,NA,30.1,0,"M",2016,-60.31,-46.31,0,200,NA,1.8,-0.08,100,-0.326009512,"APLR",-30,0.5,-2.59,3.18,-24.25138311,0,"Gymnoscopelus","nicholsi",167,"elongated","No",1.33,14.6,"pelagic",NA,0,700,4,16.1,"SL",NA,"Myctophidae","Myctophiformes","No","Yes","No",3.39,0.33,3.14,0.32,3.39,0.33,"No","No","Polar",2.00464469758461,1.69482976331656,0.15287401085099,0.0114407559976493
"60","BAS_121","BAS","123","Gymnoscopelus nicholsi","GYN","JR15004/96/2",NA,1,"Y",-60.3073,-46.7017,2016,NA,NA,NA,NA,25.1,0,"M",2016,-60.31,-46.31,0,200,NA,1.8,-0.08,100,-0.326009512,"APLR",-30,0.5,-2.19,3.24,-25.97154948,0,"Gymnoscopelus","nicholsi",167,"elongated","No",1.33,14.6,"pelagic",NA,0,700,4,16.1,"SL",NA,"Myctophidae","Myctophiformes","No","Yes","No",3.39,0.33,3.14,0.32,3.39,0.33,"No","No","Polar",1.81285388284589,1.74749039154402,0.129504806701212,0.0101942333172249
"61","BAS_122","BAS","126","Gymnoscopelus nicholsi","GYN","JR15004/96/2",NA,1,"Y",-60.3073,-46.7017,2016,NA,NA,NA,NA,38.7,0,"M",2016,-60.31,-46.31,0,200,NA,1.8,-0.08,100,-0.326009512,"APLR",-30,0.5,-2.5,3.02,-28.19997914,0,"Gymnoscopelus","nicholsi",167,"elongated","No",1.33,14.6,"pelagic",NA,0,700,4,16.1,"SL",NA,"Myctophidae","Myctophiformes","No","Yes","No",3.39,0.33,3.14,0.32,3.39,0.33,"No","No","Polar",2.52251073504426,1.70142907595175,0.130057246138716,0.00962971811127686
"62","BAS_123","BAS","124","Gymnoscopelus nicholsi","GYN","JR15004/96/2",NA,1,"Y",-60.3073,-46.7017,2016,NA,NA,NA,NA,25.3,0,"M",2016,-60.31,-46.31,0,200,NA,1.8,-0.08,100,-0.326009512,"APLR",-30,0.5,-2.43,3.21,-25.59399812,0,"Gymnoscopelus","nicholsi",167,"elongated","No",1.33,14.6,"pelagic",NA,0,700,4,16.1,"SL",NA,"Myctophidae","Myctophiformes","No","Yes","No",3.39,0.33,3.14,0.32,3.39,0.33,"No","No","Polar",1.88216547770243,1.70086920363794,0.140076786251375,0.0105997117989201
"63","BAS_124","BAS","122","Gymnoscopelus nicholsi","GYN","JR15004/96/2",NA,1,"Y",-60.3073,-46.7017,2016,NA,NA,NA,NA,21,0,"M",2016,-60.31,-46.31,0,200,NA,1.8,-0.08,100,-0.326009512,"APLR",-30,0.5,-2.5,2.91,-26.18054557,0,"Gymnoscopelus","nicholsi",167,"elongated","No",1.33,14.6,"pelagic",NA,0,700,4,16.1,"SL",NA,"Myctophidae","Myctophiformes","No","Yes","No",3.39,0.33,3.14,0.32,3.39,0.33,"No","No","Polar",2.88970056520407,1.70896603201786,0.139388469158446,0.0104960695017753
"64","BAS_125","BAS","125","Gymnoscopelus nicholsi","GYN","JR15004/96/2",NA,1,"Y",-60.3073,-46.7017,2016,NA,NA,NA,NA,32.2,0,"M",2016,-60.31,-46.31,0,200,NA,1.8,-0.08,100,-0.326009512,"APLR",-30,0.5,-2.74,3.37,-24.51491171,0,"Gymnoscopelus","nicholsi",167,"elongated","No",1.33,14.6,"pelagic",NA,0,700,4,16.1,"SL",NA,"Myctophidae","Myctophiformes","No","Yes","No",3.39,0.33,3.14,0.32,3.39,0.33,"No","No","Polar",1.34116860648657,1.7029424992968,0.156916499333724,0.0111096658612587
"65","BAS_126","BAS","120","Gymnoscopelus nicholsi","GYN","JR15004/96/2",NA,1,"Y",-60.3073,-46.7017,2016,NA,NA,NA,NA,32.2,0,"M",2016,-60.31,-46.31,0,200,NA,1.8,-0.08,100,-0.326009512,"APLR",-30,0.5,-2.4,3.18,-26.28094929,0,"Gymnoscopelus","nicholsi",167,"elongated","No",1.33,14.6,"pelagic",NA,0,700,4,16.1,"SL",NA,"Myctophidae","Myctophiformes","No","Yes","No",3.39,0.33,3.14,0.32,3.39,0.33,"No","No","Polar",2.00901577208275,1.72190063053048,0.135398587114544,0.0104303353574352
"66","BAS_127","BAS","121","Gymnoscopelus nicholsi","GYN","JR15004/96/2",NA,1,"Y",-60.3073,-46.7017,2016,NA,NA,NA,NA,37.7,0,"M",2016,-60.31,-46.31,0,200,NA,1.8,-0.08,100,-0.326009512,"APLR",-30,0.5,-2.25,3.14,-27.84796677,0,"Gymnoscopelus","nicholsi",167,"elongated","No",1.33,14.6,"pelagic",NA,0,700,4,16.1,"SL",NA,"Myctophidae","Myctophiformes","No","Yes","No",3.39,0.33,3.14,0.32,3.39,0.33,"No","No","Polar",2.14290087360826,1.68967032665908,0.123389593322414,0.00965218276377624
"67","BAS_128","BAS","#3","Gymnoscopelus nicholsi","GYN","JR177/161/2",NA,1,"Y",-59.69,-44.09,2008,NA,NA,NA,NA,35.5,0,"F",2008,-59.68,-44.03,203.3,403.6,NA,1.8,-0.08,303.45,-0.250252336,"APLR",-30,0.5,-2.36,3.06,-26.35605997,0,"Gymnoscopelus","nicholsi",167,"elongated","No",1.33,14.6,"pelagic",NA,0,700,4,16.1,"SL",NA,"Myctophidae","Myctophiformes","No","Yes","No",3.39,0.33,3.14,0.32,3.39,0.33,"No","No","Polar",2.61205135964329,1.69169166890269,0.136907921687508,0.00908689837703916
"68","BAS_220","BAS","#3","Gymnoscopelus nicholsi","GYN","JR177/161/2",NA,1,"Y",-59.69,-44.09,2008,NA,NA,NA,NA,35.5,0,"F",2008,-59.68,-44.03,203.3,403.6,NA,1.8,-0.08,303.45,-0.250252336,"APLR",-30,0.5,-3.17,3.13,-26.18654474,0,"Gymnoscopelus","nicholsi",167,"elongated","No",1.33,14.6,"pelagic",NA,0,700,4,16.1,"SL",NA,"Myctophidae","Myctophiformes","No","Yes","No",3.39,0.33,3.14,0.32,3.39,0.33,"No","No","Polar",2.41930956307296,1.70826415084573,0.166081249154588,0.00989747759364293
"69","BAS_129","BAS","#75","Gymnoscopelus nicholsi","GYN","JR177/165/2",NA,1,"Y",-59.68,-44.14,2008,NA,NA,NA,NA,28.4,0,"F",2008,-59.69,-44.09,11.4,209,NA,1.8,-0.08,110.2,-0.322681218,"APLR",-30,0.5,-2.59,3.42,-27.271753,0,"Gymnoscopelus","nicholsi",167,"elongated","No",1.33,14.6,"pelagic",NA,0,700,4,16.1,"SL",NA,"Myctophidae","Myctophiformes","No","Yes","No",3.39,0.33,3.14,0.32,3.39,0.33,"No","No","Polar",1.18009130214555,1.71347325576618,0.140364470983757,0.00889938786125036
"70","BAS_130","BAS","#66","Gymnoscopelus nicholsi","GYN","JR177/334/2",NA,1,"Y",-52.64,-39.09,2008,NA,NA,NA,NA,23.2,0,"F",2008,-52.64,-39.09,406.9,719.6,NA,1.9,-0.11,563.25,0.03448984,"SANT",-24,2,-2.87,3.48,-24.93837411,0,"Gymnoscopelus","nicholsi",167,"elongated","No",1.33,14.6,"pelagic",NA,0,700,4,16.1,"SL",NA,"Myctophidae","Myctophiformes","No","Yes","No",3.39,0.33,3.14,0.32,3.39,0.33,"No","No","Polar",2.20943332508102,1.6926926792117,0.165288575354322,0.00997868348581511
"71","BAS_145","BAS","#15","Krefftichthys anderssoni","KRA","JR177/328/1",NA,1,"C",-52.72,-39.08,2008,NA,NA,NA,NA,0.7,0,"F",2008,-52.72,-39.08,204.1,405,NA,1.9,-0.11,304.55,-0.052425493,"SANT",-24,2,-3.61,3.94,-24.16142492,0,"Krefftichthys","anderssoni",167,"elongated","No",1.41,18.1,"pelagic","migratory",0,1000,2,7.1,"SL",NA,"Myctophidae","Myctophiformes","No","Yes","No",NA,NA,3.06,0.19,3.06,0.19,"Yes","Yes","Polar",0.312767158293522,1.70582389855503,0.19820353842633,0.0111393169361766
"72","BAS_146","BAS","25","Krefftichthys anderssoni","KRA","JR16003/129/1","RAS",1,"C",-54.99,-49.105,2016,NA,NA,NA,NA,0.7,0,"F",2017,-54.68,-45.22,195.6,406.8,1.65,1.85,-0.1,301.2,-0.086165227,"SANT",-24,2,-3.83,3.57,-27.35815891,0,"Krefftichthys","anderssoni",167,"elongated","No",1.41,18.1,"pelagic","migratory",0,1000,2,7.1,"SL",NA,"Myctophidae","Myctophiformes","No","Yes","No",NA,NA,3.06,0.19,3.06,0.19,"Yes","Yes","Polar",1.43693999775375,1.71559005805265,0.180422646741008,0.0105132351820175
"73","BAS_151","BAS","48","Krefftichthys anderssoni","KRA","JR16003/146/2","RAS",1,"C",-54.99,-49.105,2016,NA,NA,NA,NA,1,0,"F",2017,-53.95,-49.19,398.3,707.9,2.74,1.9,-0.1,553.1,-0.021559155,"SANT",-24,2,-5.07,3.44,-27.22504862,0,"Krefftichthys","anderssoni",167,"elongated","No",1.41,18.1,"pelagic","migratory",0,1000,2,7.1,"SL",NA,"Myctophidae","Myctophiformes","No","Yes","No",NA,NA,3.06,0.19,3.06,0.19,"Yes","Yes","Polar",2.17513657212863,1.70867901270786,0.224069785278869,0.011379199069748
"74","BAS_152","BAS","43","Krefftichthys anderssoni","KRA","JR16003/113/1","RAS",1,"C",-54.99,-49.105,2016,NA,NA,NA,NA,3.7,0,NA,2017,-55.29,-41.35,196.7,398,2.06,1.85,-0.09,297.35,-0.055642206,"ANTA",-29,1,-4.39,3.77,-27.08899949,0,"Krefftichthys","anderssoni",167,"elongated","No",1.41,18.1,"pelagic","migratory",0,1000,2,7.1,"SL",NA,"Myctophidae","Myctophiformes","No","Yes","No",NA,NA,3.06,0.19,3.06,0.19,"Yes","Yes","Polar",0.896661399601597,1.68281692336405,0.200689114541745,0.0108527096346772
"75","BAS_153","BAS","47","Krefftichthys anderssoni","KRA","JR16003/146/1","RAS",1,"C",-54.99,-49.105,2016,NA,NA,NA,NA,1,0,"M",2017,-53.94,-49.17,699.1,991.1,2.46,1.9,-0.1,845.1,0.016341919,"SANT",-24,2,-4.28,3.5,-27.74334178,0,"Krefftichthys","anderssoni",167,"elongated","No",1.41,18.1,"pelagic","migratory",0,1000,2,7.1,"SL",NA,"Myctophidae","Myctophiformes","No","Yes","No",NA,NA,3.06,0.19,3.06,0.19,"Yes","Yes","Polar",2.09841411329955,1.71564345195998,0.194077152202385,0.0105207448732714
"76","BAS_155","BAS","33","Krefftichthys anderssoni","KRA","JR16003/147/1","RAS",1,"C",-54.99,-49.105,2016,NA,NA,NA,NA,1.3,0,"M",2017,-53.96,-49.24,198.3,398.5,2.71,1.9,-0.1,298.4,-0.11608272,"SANT",-24,2,-3.25,3.36,-27.50360292,0,"Krefftichthys","anderssoni",167,"elongated","No",1.41,18.1,"pelagic","migratory",0,1000,2,7.1,"SL",NA,"Myctophidae","Myctophiformes","No","Yes","No",NA,NA,3.06,0.19,3.06,0.19,"Yes","Yes","Polar",2.09973774916201,1.74525319558104,0.160903768392374,0.0100930090060172
"77","BAS_156","BAS","40","Krefftichthys anderssoni","KRA","JR16003/129/2","RAS",1,"C",-54.99,-49.105,2016,NA,NA,NA,NA,0.5,0,"M",2017,-54.66,-45.2,82,208,0,1.85,-0.1,145,-0.371859103,"SANT",-24,2,-4.49,3.72,-26.76345856,0,"Krefftichthys","anderssoni",167,"elongated","No",1.41,18.1,"pelagic","migratory",0,1000,2,7.1,"SL",NA,"Myctophidae","Myctophiformes","No","Yes","No",NA,NA,3.06,0.19,3.06,0.19,"Yes","Yes","Polar",-0.0214848666071015,1.68959893044833,0.206360199982948,0.0109694113195437
"78","BAS_165","BAS","54","Krefftichthys anderssoni","KRA","JR16003/129/2","RAS",1,"C",-54.99,-49.105,2016,NA,NA,NA,NA,0.9,0,"M",2017,-54.66,-45.2,82,208,0,1.85,-0.1,145,-0.371859103,"SANT",-24,2,-4.24,3.6,-27.04843432,0,"Krefftichthys","anderssoni",167,"elongated","No",1.41,18.1,"pelagic","migratory",0,1000,2,7.1,"SL",NA,"Myctophidae","Myctophiformes","No","Yes","No",NA,NA,3.06,0.19,3.06,0.19,"Yes","Yes","Polar",0.349696341283887,1.71475641949444,0.195977962460663,0.0107195598793152
"79","BAS_166","BAS","45","Krefftichthys anderssoni","KRA","JR16003/147/1","RAS",1,"C",-54.99,-49.105,2016,NA,NA,NA,NA,0.7,0,"M",2017,-53.96,-49.24,198.3,398.5,2.71,1.9,-0.1,298.4,-0.11608272,"SANT",-24,2,-4.04,3.64,-28.05511496,0,"Krefftichthys","anderssoni",167,"elongated","No",1.41,18.1,"pelagic","migratory",0,1000,2,7.1,"SL",NA,"Myctophidae","Myctophiformes","No","Yes","No",NA,NA,3.06,0.19,3.06,0.19,"Yes","Yes","Polar",1.11902510981092,1.67788575856395,0.18414646507123,0.0102553725400672
"80","BAS_167","BAS","44","Krefftichthys anderssoni","KRA","JR16003/129/2","RAS",1,"C",-54.99,-49.105,2016,NA,NA,NA,NA,3.1,0,"F",2017,-54.66,-45.2,82,208,0,1.85,-0.1,145,-0.371859103,"SANT",-24,2,-4.31,3.78,-27.46195427,0,"Krefftichthys","anderssoni",167,"elongated","No",1.41,18.1,"pelagic","migratory",0,1000,2,7.1,"SL",NA,"Myctophidae","Myctophiformes","No","Yes","No",NA,NA,3.06,0.19,3.06,0.19,"Yes","Yes","Polar",-0.200453111088319,1.69878693870866,0.195648523174641,0.0105523523481827
"81","BAS_168","BAS","32","Krefftichthys anderssoni","KRA","JR16003/147/1","RAS",1,"C",-54.99,-49.105,2016,NA,NA,NA,NA,1.6,0,"M",2017,-53.96,-49.24,198.3,398.5,2.71,1.9,-0.1,298.4,-0.11608272,"SANT",-24,2,-4.2,3.14,-27.83811742,0,"Krefftichthys","anderssoni",167,"elongated","No",1.41,18.1,"pelagic","migratory",0,1000,2,7.1,"SL",NA,"Myctophidae","Myctophiformes","No","Yes","No",NA,NA,3.06,0.19,3.06,0.19,"Yes","Yes","Polar",2.80524559366661,1.69706174708213,0.190951779106329,0.0104815020178558
"82","BAS_169","BAS","24","Krefftichthys anderssoni","KRA","JR16003/146/1","RAS",1,"C",-54.99,-49.105,2016,NA,NA,NA,NA,1.4,0,"F",2017,-53.94,-49.17,699.1,991.1,2.46,1.9,-0.1,845.1,0.016341919,"SANT",-24,2,-3.8,3.25,-28.23746411,0,"Krefftichthys","anderssoni",167,"elongated","No",1.41,18.1,"pelagic","migratory",0,1000,2,7.1,"SL",NA,"Myctophidae","Myctophiformes","No","Yes","No",NA,NA,3.06,0.19,3.06,0.19,"Yes","Yes","Polar",2.90410569464868,1.70322387277061,0.175261624095422,0.00986735340992044
"83","BAS_170","BAS","46","Krefftichthys anderssoni","KRA","JR16003/129/1","RAS",1,"C",-54.99,-49.105,2016,NA,NA,NA,NA,1.7,0,"F",2017,-54.68,-45.22,195.6,406.8,1.65,1.85,-0.1,301.2,-0.086165227,"SANT",-24,2,-4.4,3.91,-26.8607071,0,"Krefftichthys","anderssoni",167,"elongated","No",1.41,18.1,"pelagic","migratory",0,1000,2,7.1,"SL",NA,"Myctophidae","Myctophiformes","No","Yes","No",NA,NA,3.06,0.19,3.06,0.19,"Yes","Yes","Polar",0.31323365884525,1.70876589557199,0.202748653208547,0.0111124853752099
"84","BAS_172","BAS","31","Krefftichthys anderssoni","KRA","JR16003/147/1","RAS",1,"C",-54.99,-49.105,2016,NA,NA,NA,NA,1,0,"M",2017,-53.96,-49.24,198.3,398.5,2.71,1.9,-0.1,298.4,-0.11608272,"SANT",-24,2,-3.95,3.65,-26.71879157,0,"Krefftichthys","anderssoni",167,"elongated","No",1.41,18.1,"pelagic","migratory",0,1000,2,7.1,"SL",NA,"Myctophidae","Myctophiformes","No","Yes","No",NA,NA,3.06,0.19,3.06,0.19,"Yes","Yes","Polar",1.12965456496967,1.7190895430484,0.189476364534099,0.0105603119770145
"85","BAS_174","BAS","21","Krefftichthys anderssoni","KRA","JR16003/129/2","RAS",1,"C",-54.99,-49.105,2016,NA,NA,NA,NA,1.8,0,"M",2017,-54.66,-45.2,82,208,0,1.85,-0.1,145,-0.371859103,"SANT",-24,2,-4.15,3.78,-27.13752887,0,"Krefftichthys","anderssoni",167,"elongated","No",1.41,18.1,"pelagic","migratory",0,1000,2,7.1,"SL",NA,"Myctophidae","Myctophiformes","No","Yes","No",NA,NA,3.06,0.19,3.06,0.19,"Yes","Yes","Polar",-0.239611964010931,1.71709820881534,0.192279153691356,0.0106477324180476
"86","BAS_175","BAS","22","Krefftichthys anderssoni","KRA","JR16003/146/1","RAS",1,"C",-54.99,-49.105,2016,NA,NA,NA,NA,1,0,"F",2017,-53.94,-49.17,699.1,991.1,2.46,1.9,-0.1,845.1,0.016341919,"SANT",-24,2,-3.65,3.45,-27.34853365,0,"Krefftichthys","anderssoni",167,"elongated","No",1.41,18.1,"pelagic","migratory",0,1000,2,7.1,"SL",NA,"Myctophidae","Myctophiformes","No","Yes","No",NA,NA,3.06,0.19,3.06,0.19,"Yes","Yes","Polar",2.22784703931505,1.69747564797902,0.175150642736041,0.0105046705813933
"87","BAS_176","BAS","23","Krefftichthys anderssoni","KRA","JR16003/146/1","RAS",1,"C",-54.99,-49.105,2016,NA,NA,NA,NA,0.8,0,"F",2017,-53.94,-49.17,699.1,991.1,2.46,1.9,-0.1,845.1,0.016341919,"SANT",-24,2,-4.16,3.52,-26.92327795,0,"Krefftichthys","anderssoni",167,"elongated","No",1.41,18.1,"pelagic","migratory",0,1000,2,7.1,"SL",NA,"Myctophidae","Myctophiformes","No","Yes","No",NA,NA,3.06,0.19,3.06,0.19,"Yes","Yes","Polar",1.95603834708249,1.68666216551481,0.195306117130202,0.0107623016250724
"88","BAS_177","BAS","28","Krefftichthys anderssoni","KRA","JR16003/129/2","RAS",1,"C",-54.99,-49.105,2016,NA,NA,NA,NA,1.1,0,"M",2017,-54.66,-45.2,82,208,0,1.85,-0.1,145,-0.371859103,"SANT",-24,2,-3.65,3.49,-27.19018534,0,"Krefftichthys","anderssoni",167,"elongated","No",1.41,18.1,"pelagic","migratory",0,1000,2,7.1,"SL",NA,"Myctophidae","Myctophiformes","No","Yes","No",NA,NA,3.06,0.19,3.06,0.19,"Yes","Yes","Polar",0.773907551841595,1.69828925959888,0.1750292270804,0.0103362157971077
"89","BAS_178","BAS","26","Krefftichthys anderssoni","KRA","JR16003/129/2","RAS",1,"C",-54.99,-49.105,2016,NA,NA,NA,NA,1.5,0,"F",2017,-54.66,-45.2,82,208,0,1.85,-0.1,145,-0.371859103,"SANT",-24,2,-4.46,3.84,-27.16714289,0,"Krefftichthys","anderssoni",167,"elongated","No",1.41,18.1,"pelagic","migratory",0,1000,2,7.1,"SL",NA,"Myctophidae","Myctophiformes","No","Yes","No",NA,NA,3.06,0.19,3.06,0.19,"Yes","Yes","Polar",-0.415423012756188,1.71857723563683,0.202906893771193,0.0107313630382652
"90","BAS_221","BAS","27","Krefftichthys anderssoni","KRA","JR16003/129/2","RAS",NA,"C",-54.99,-49.105,2016,NA,NA,NA,NA,0.9,0,"M",2017,-54.66,-45.2,82,208,0,1.85,-0.1,145,-0.371859103,"SANT",-24,2,-3.84,3.81,-27.15,0.84,"Krefftichthys","anderssoni",167,"elongated","No",1.41,18.1,"pelagic","migratory",0,1000,2,7.1,"SL",NA,"Myctophidae","Myctophiformes","No","Yes","No",NA,NA,3.06,0.19,3.06,0.19,"Yes","Yes","Polar",-0.318434807480235,1.70001026619588,0.181903684568617,0.0118963528137048
"91","BAS_188","BAS","#26","Protomyctophum bolini","PRM","JR177/305/1","RAS",1,"Y",-52.83,-40.12,2008,NA,NA,NA,NA,1.8,0,"F",2008,-52.83,-40.12,200,401.2,NA,1.9,-0.1,300.6,-0.06824851,"SANT",-24,2,-3.13,3.85,-24.64322154,0,"Protomyctophum","bolini",167,"fusiform / normal","No",0.91,21.4,"pelagic","migratory",200,400,NA,6.7,"SL",NA,"Myctophidae","Myctophiformes","No","Yes","No",3.04,0,3.09,0.26,3.04,0,"No","No","Polar",0.606679365033281,1.70900658942961,0.177188618926427,0.0103799753903917
"92","BAS_189","BAS","#126","Protomyctophum bolini","PRM","JR177/301/1","RAS",1,"Y",-52.9,-40.21,2008,NA,NA,NA,NA,0.8,0,"M",2008,-52.9,-40.21,203,402,NA,1.9,-0.1,302.5,-0.06824851,"SANT",-24,2,-1.62,3.41,-22.95231459,0,"Protomyctophum","bolini",167,"fusiform / normal","No",0.91,21.4,"pelagic","migratory",200,400,NA,6.7,"SL",NA,"Myctophidae","Myctophiformes","No","Yes","No",3.04,0,3.09,0.26,3.04,0,"No","No","Polar",2.10206980428776,1.70421856273639,0.129231168096052,0.0103914111982516
"93","BAS_191","BAS","#30","Protomyctophum bolini","PRM","JR177/301/1","RAS",NA,"Y",-52.9,-40.21,2008,NA,NA,NA,NA,0.6,0,"J",2008,-52.9,-40.21,203,402,NA,1.9,-0.1,302.5,-0.06824851,"SANT",-24,2,-2.27,3.49,-25.03100231,0,"Protomyctophum","bolini",167,"fusiform / normal","No",0.91,21.4,"pelagic","migratory",200,400,NA,6.7,"SL",NA,"Myctophidae","Myctophiformes","No","Yes","No",3.04,0,3.09,0.26,3.04,0,"No","No","Polar",1.7856477038734,1.71006061400967,0.142912294076193,0.00973861157143132
"94","BAS_192","BAS","#25","Protomyctophum bolini","PRM","JR177/328/1","RAS",1,"Y",-52.72,-39.08,2008,NA,NA,NA,NA,1.6,0,"M",2008,-52.72,-39.08,204.1,405,NA,1.9,-0.11,304.55,-0.052425493,"SANT",-24,2,-3.07,3.99,-25.40420457,0,"Protomyctophum","bolini",167,"fusiform / normal","No",0.91,21.4,"pelagic","migratory",200,400,NA,6.7,"SL",NA,"Myctophidae","Myctophiformes","No","Yes","No",3.04,0,3.09,0.26,3.04,0,"No","No","Polar",0.11806330626781,1.7094616663255,0.169908824232516,0.0100382498831737
"95","BAS_193","BAS","#26","Protomyctophum bolini","PRM","JR177/328/1","RAS",1,"Y",-52.72,-39.08,2008,NA,NA,NA,NA,2.2,0,"F",2008,-52.72,-39.08,204.1,405,NA,1.9,-0.11,304.55,-0.052425493,"SANT",-24,2,-3.95,3.52,-26.03611603,0,"Protomyctophum","bolini",167,"fusiform / normal","No",0.91,21.4,"pelagic","migratory",200,400,NA,6.7,"SL",NA,"Myctophidae","Myctophiformes","No","Yes","No",3.04,0,3.09,0.26,3.04,0,"No","No","Polar",1.79771463141602,1.71893761432296,0.197101260366203,0.010431042737912
"96","BAS_194","BAS","#34","Protomyctophum bolini","PRM","JR177/301/1","RAS",1,"Y",-52.9,-40.21,2008,NA,NA,NA,NA,0.7,0,"J",2008,-52.9,-40.21,203,402,NA,1.9,-0.1,302.5,-0.06824851,"SANT",-24,2,-1.95,3.55,-24.35105724,0,"Protomyctophum","bolini",167,"fusiform / normal","No",0.91,21.4,"pelagic","migratory",200,400,NA,6.7,"SL",NA,"Myctophidae","Myctophiformes","No","Yes","No",3.04,0,3.09,0.26,3.04,0,"No","No","Polar",1.61392981642116,1.6847647977659,0.135013584673158,0.00966153570059248
"97","BAS_195","BAS","#33","Protomyctophum bolini","PRM","JR177/301/1","RAS",1,"Y",-52.9,-40.21,2008,NA,NA,NA,NA,0.8,0,"M",2008,-52.9,-40.21,203,402,NA,1.9,-0.1,302.5,-0.06824851,"SANT",-24,2,-1.76,3.48,-23.2210823,0,"Protomyctophum","bolini",167,"fusiform / normal","No",0.91,21.4,"pelagic","migratory",200,400,NA,6.7,"SL",NA,"Myctophidae","Myctophiformes","No","Yes","No",3.04,0,3.09,0.26,3.04,0,"No","No","Polar",1.8282216477558,1.73497966525405,0.133269212821369,0.0101545021157866
"98","BAS_196","BAS","#27","Protomyctophum bolini","PRM","JR177/328/1","RAS",1,"Y",-52.72,-39.08,2008,NA,NA,NA,NA,1.6,0,"F",2008,-52.72,-39.08,204.1,405,NA,1.9,-0.11,304.55,-0.052425493,"SANT",-24,2,-1.78,3.49,-25.16398061,0,"Protomyctophum","bolini",167,"fusiform / normal","No",0.91,21.4,"pelagic","migratory",200,400,NA,6.7,"SL",NA,"Myctophidae","Myctophiformes","No","Yes","No",3.04,0,3.09,0.26,3.04,0,"No","No","Polar",1.86796900614202,1.71136943818105,0.124436864897767,0.00925938430492517
"99","BAS_200","BAS","64","Protomyctophum bolini","PRM","JR16003/112/2","RAS",1,"Y",-54.99,-49.105,2016,NA,NA,NA,NA,0.6,0,"M",2016,-55.26,-41.2,NA,NA,NA,1.85,-0.09,NA,-0.372243345,"ANTA",-29,1,-2.85,3.26,-23.35602972,0,"Protomyctophum","bolini",167,"fusiform / normal","No",0.91,21.4,"pelagic","migratory",200,400,NA,6.7,"SL",NA,"Myctophidae","Myctophiformes","No","Yes","No",3.04,0,3.09,0.26,3.04,0,"No","No","Polar",1.54695652698098,1.71328911583397,0.170176304268885,0.0116011722087435
"100","BAS_201","BAS","59","Protomyctophum bolini","PRM","JR16003/112/2","RAS",NA,"Y",-54.99,-49.105,2016,NA,NA,NA,NA,2.3,0,"M",2016,-55.26,-41.2,NA,NA,NA,1.85,-0.09,NA,-0.372243345,"ANTA",-29,1,-3.37,3.32,-24.40491678,0,"Protomyctophum","bolini",167,"fusiform / normal","No",0.91,21.4,"pelagic","migratory",200,400,NA,6.7,"SL",NA,"Myctophidae","Myctophiformes","No","Yes","No",3.04,0,3.09,0.26,3.04,0,"No","No","Polar",1.35477032638777,1.69229354683974,0.182683181684895,0.0116056477717354
"101","BAS_203","BAS","61","Protomyctophum bolini","PRM","JR16003/112/2","RAS",1,"Y",-54.99,-49.105,2016,NA,NA,NA,NA,1.7,0,"M",2016,-55.26,-41.2,NA,NA,NA,1.85,-0.09,NA,-0.372243345,"ANTA",-29,1,-3.43,3.71,-25.38119302,0,"Protomyctophum","bolini",167,"fusiform / normal","No",0.91,21.4,"pelagic","migratory",200,400,NA,6.7,"SL",NA,"Myctophidae","Myctophiformes","No","Yes","No",3.04,0,3.09,0.26,3.04,0,"No","No","Polar",0.0591452674523689,1.68915830268802,0.178653920648792,0.0108742738434843
"102","BAS_204","BAS","62","Protomyctophum bolini","PRM","JR16003/112/2","RAS",1,"Y",-54.99,-49.105,2016,NA,NA,NA,NA,0.8,0,"M",2016,-55.26,-41.2,NA,NA,NA,1.85,-0.09,NA,-0.372243345,"ANTA",-29,1,-3.27,3.38,-23.63000741,0,"Protomyctophum","bolini",167,"fusiform / normal","No",0.91,21.4,"pelagic","migratory",200,400,NA,6.7,"SL",NA,"Myctophidae","Myctophiformes","No","Yes","No",3.04,0,3.09,0.26,3.04,0,"No","No","Polar",1.1434619596351,1.73538941742882,0.184382699093184,0.0121007285315812
"103","BAS_205","BAS","63","Protomyctophum bolini","PRM","JR16003/112/2","RAS",1,"Y",-54.99,-49.105,2016,NA,NA,NA,NA,1,0,"M",2016,-55.26,-41.2,NA,NA,NA,1.85,-0.09,NA,-0.372243345,"ANTA",-29,1,-3.33,3.65,-25.62139116,0,"Protomyctophum","bolini",167,"fusiform / normal","No",0.91,21.4,"pelagic","migratory",200,400,NA,6.7,"SL",NA,"Myctophidae","Myctophiformes","No","Yes","No",3.04,0,3.09,0.26,3.04,0,"No","No","Polar",0.199253537632461,1.69855901833012,0.173433245944963,0.0109508696153629
"104","BAS_212","BAS","70","Protomyctophum bolini","PRM","JR16003/113/1","RAS",1,"Y",-54.99,-49.105,2016,NA,NA,NA,NA,1.1,0,"M",2017,-55.29,-41.35,196.7,398,2.06,1.85,-0.09,297.35,-0.055642206,"ANTA",-29,1,-3.88,3.64,-25.6757361,0,"Protomyctophum","bolini",167,"fusiform / normal","No",0.91,21.4,"pelagic","migratory",200,400,NA,6.7,"SL",NA,"Myctophidae","Myctophiformes","No","Yes","No",3.04,0,3.09,0.26,3.04,0,"No","No","Polar",1.37936843126954,1.72407372375383,0.192896348668602,0.0109112663223281
"105","BAS_213","BAS","74","Protomyctophum bolini","PRM","JR16003/129/1","RAS",1,"C",-54.99,-49.105,2016,NA,NA,NA,NA,1.7,0,"F",2017,-54.68,-45.22,195.6,406.8,1.65,1.85,-0.1,301.2,-0.086165227,"SANT",-24,2,-3.72,3.52,-25.33865988,0,"Protomyctophum","bolini",167,"fusiform / normal","No",0.91,21.4,"pelagic","migratory",200,400,NA,6.7,"SL",NA,"Myctophidae","Myctophiformes","No","Yes","No",3.04,0,3.09,0.26,3.04,0,"No","No","Polar",1.6402251108493,1.7178865977727,0.189385093847116,0.0114667876976224
"106","BAS_214","BAS","77","Protomyctophum bolini","PRM","JR16003/129/1","RAS",1,"Y",-54.99,-49.105,2016,NA,NA,NA,NA,0.5,0,"M",2017,-54.68,-45.22,195.6,406.8,1.65,1.85,-0.1,301.2,-0.086165227,"SANT",-24,2,-3.08,3.94,-25.4453396,0,"Protomyctophum","bolini",167,"fusiform / normal","No",0.91,21.4,"pelagic","migratory",200,400,NA,6.7,"SL",NA,"Myctophidae","Myctophiformes","No","Yes","No",3.04,0,3.09,0.26,3.04,0,"No","No","Polar",0.19218757823282,1.72822285343124,0.165210530924952,0.0107357319360779
"107","BAS_215","BAS","78","Protomyctophum bolini","PRM","JR16003/129/1","RAS",1,"Y",-54.99,-49.105,2016,NA,NA,NA,NA,1.9,0,"F",2017,-54.68,-45.22,195.6,406.8,1.65,1.85,-0.1,301.2,-0.086165227,"SANT",-24,2,-3.4,3.67,-26.27259281,0,"Protomyctophum","bolini",167,"fusiform / normal","No",0.91,21.4,"pelagic","migratory",200,400,NA,6.7,"SL",NA,"Myctophidae","Myctophiformes","No","Yes","No",3.04,0,3.09,0.26,3.04,0,"No","No","Polar",1.11301229641084,1.68584294509226,0.171657258526038,0.0105281548059041
"108","BAS_217","BAS","76","Protomyctophum bolini","PRM","JR16003/129/1","RAS",1,"Y",-54.99,-49.105,2016,NA,NA,NA,NA,1.5,0,"M",2017,-54.68,-45.22,195.6,406.8,1.65,1.85,-0.1,301.2,-0.086165227,"SANT",-24,2,-4.02,3.71,-25.40799702,0,"Protomyctophum","bolini",167,"fusiform / normal","No",0.91,21.4,"pelagic","migratory",200,400,NA,6.7,"SL",NA,"Myctophidae","Myctophiformes","No","Yes","No",3.04,0,3.09,0.26,3.04,0,"No","No","Polar",0.984552022939919,1.68886364174102,0.199917360879243,0.0114234727076135
"109","BAS_218","BAS","75","Protomyctophum bolini","PRM","JR16003/129/1","RAS",1,"Y",-54.99,-49.105,2016,NA,NA,NA,NA,1.2,0,"M",2017,-54.68,-45.22,195.6,406.8,1.65,1.85,-0.1,301.2,-0.086165227,"SANT",-24,2,-2.97,3.83,-26.17492349,0,"Protomyctophum","bolini",167,"fusiform / normal","No",0.91,21.4,"pelagic","migratory",200,400,NA,6.7,"SL",NA,"Myctophidae","Myctophiformes","No","Yes","No",3.04,0,3.09,0.26,3.04,0,"No","No","Polar",0.605595907235969,1.69113445584174,0.157213576037946,0.0104643219981816
"110","BAS_219","BAS","66","Protomyctophum bolini","PRM","JR16003/113/1","RAS",1,"C",-54.99,-49.105,2016,NA,NA,NA,NA,2.1,0,"F",2017,-55.29,-41.35,196.7,398,2.06,1.85,-0.09,297.35,-0.055642206,"ANTA",-29,1,-3.9,3.8,-25.89251505,0,"Protomyctophum","bolini",167,"fusiform / normal","No",0.91,21.4,"pelagic","migratory",200,400,NA,6.7,"SL",NA,"Myctophidae","Myctophiformes","No","Yes","No",3.04,0,3.09,0.26,3.04,0,"No","No","Polar",0.842402837028404,1.70676413331705,0.191891283755196,0.0112851967914391
