Identifier,Spp_Code,MyNumber,sciname,d13C,d13C_sd,d18O,d18O_sd,Data,Collections,Section,ID,Label,Container,Station,Loc,Water_Mass,Date,Year,Source,Gear,Depth,HL,SL,TL,TL_est,GNPL,FL,PAFL,Weight,Weight_est,Weight_min,Weight_max,Sex,Maturity,X.Oto,Useable,Notes,Lat_Degrees,Lat_Minutes,Lat_Seconds,NS,Lat,Long_Degrees,Long_Minutes,Long_Seconds,EW,Long,lat_dec,long_dec.x,UseTroph,UseTrophSe,DIC_surf,Suess,Phyto,Sal,Sal_sd
C_45,AAG,C_45,Alepocephalus agassizii,-0.93,0.02,2.88,0.02,Clives_data,Clives,NA,NA,AAG,NA,NA,27,NADW,NA,2009,NA,NA,1650,NA,NA,680,680,NA,NA,NA,4645,4645,4645,4645,NA,NA,NA,NA,NA,NA,NA,NA,NA,NA,NA,NA,NA,NA,NA,57.7,-9.94,3.89,0.25,1.4,-0.12,-24.5,35.25,0.3
C_46,AAG,C_46,Alepocephalus agassizii,-1.33,0.02,2.17,0.02,Clives_data,Clives,NA,NA,AAG,NA,NA,27,NADW,NA,2009,NA,NA,1650,NA,NA,580,580,NA,NA,NA,3184,3184,3184,3184,NA,NA,NA,NA,NA,NA,NA,NA,NA,NA,NA,NA,NA,NA,NA,57.7,-9.94,3.89,0.25,1.4,-0.12,-24.5,35.25,0.3
C_47,AAG,C_47,Alepocephalus agassizii,-2.24,0.02,1.99,0.02,Clives_data,Clives,NA,NA,AAG,NA,NA,27,NADW,NA,2009,NA,NA,1650,NA,NA,640,640,NA,NA,NA,3274,3274,3274,3274,NA,NA,NA,NA,NA,NA,NA,NA,NA,NA,NA,NA,NA,NA,NA,57.7,-9.94,3.89,0.25,1.4,-0.12,-24.5,35.25,0.3
C_48,AAG,C_48,Alepocephalus agassizii,-2.62,0.02,1.79,0.02,Clives_data,Clives,NA,NA,AAG,NA,NA,27,NADW,NA,2009,NA,NA,1000,NA,NA,680,680,NA,NA,NA,3662,3662,3662,3662,NA,NA,NA,NA,NA,NA,NA,NA,NA,NA,NA,NA,NA,NA,NA,57.65,-9.73,3.89,0.25,1.4,-0.12,-24.5,35.25,0.3
C_49,AAG,C_49,Alepocephalus agassizii,-1.87,0.02,1.98,0.02,Clives_data,Clives,NA,NA,AAG,NA,NA,27,NADW,NA,2009,NA,NA,1000,NA,NA,640,640,NA,NA,NA,2758,2758,2758,2758,NA,NA,NA,NA,NA,NA,NA,NA,NA,NA,NA,NA,NA,NA,NA,57.65,-9.73,3.89,0.25,1.4,-0.12,-24.5,35.25,0.3
C_50,AAG,C_50,Alepocephalus agassizii,-2.21,0.02,2.45,0.02,Clives_data,Clives,NA,NA,AAG,NA,NA,27,NADW,NA,2009,NA,NA,1000,NA,NA,660,660,NA,NA,NA,2986,2986,2986,2986,NA,NA,NA,NA,NA,NA,NA,NA,NA,NA,NA,NA,NA,NA,NA,57.65,-9.73,3.89,0.25,1.4,-0.12,-24.5,35.25,0.3
C_1,ABA,C_1,Alepocephalus bairdii,-1.718123262,0.02,2.977724388,0.02,Clives_data,Clives,NA,NA,ABA,NA,NA,27,NADW,NA,2006,NA,NA,1300,NA,NA,700,700,NA,NA,NA,2361,2361,2361,2361,NA,NA,NA,NA,NA,NA,NA,NA,NA,NA,NA,NA,NA,NA,NA,54.0833,-13.9167,3.69,0.54,1.4,-0.12,-24,35.5,0.1
C_2,ABA,C_2,Alepocephalus bairdii,-1.255338647,0.02,2.955921211,0.02,Clives_data,Clives,NA,NA,ABA,NA,NA,27,NADW,NA,2006,NA,NA,1300,NA,NA,900,900,NA,NA,NA,5289,5289,5289,5289,NA,NA,NA,NA,NA,NA,NA,NA,NA,NA,NA,NA,NA,NA,NA,54.0833,-13.9167,3.69,0.54,1.4,-0.12,-24,35.5,0.1
C_3,ABA,C_3,Alepocephalus bairdii,-2.219855993,0.02,2.227208773,0.02,Clives_data,Clives,NA,NA,ABA,NA,NA,27,NADW,NA,2006,NA,NA,1300,NA,NA,500,500,NA,NA,NA,802,802,802,802,NA,NA,NA,NA,NA,NA,NA,NA,NA,NA,NA,NA,NA,NA,NA,54.0833,-13.9167,3.69,0.54,1.4,-0.12,-24,35.5,0.1
C_6,ACA,C_6,Aphanopus carbo,-7.476,0.02,0.978,0.02,Clives_data,Clives,NA,NA,ACA,NA,NA,27,NADW,NA,2006,NA,NA,750,NA,NA,940,940,NA,NA,NA,1009,1009,1009,1009,NA,NA,NA,NA,NA,NA,NA,NA,NA,NA,NA,NA,NA,NA,NA,54.0833,-13.9167,4.48,0.77,1.4,-0.12,-24,35.5,0.1
C_7,ACA,C_7,Aphanopus carbo,-3.234,0.02,2.093,0.02,Clives_data,Clives,NA,NA,ACA,NA,NA,27,NADW,NA,2006,NA,NA,750,NA,NA,920,920,NA,NA,NA,921,921,921,921,NA,NA,NA,NA,NA,NA,NA,NA,NA,NA,NA,NA,NA,NA,NA,54.0833,-13.9167,4.48,0.77,1.4,-0.12,-24,35.5,0.1
ARO 1385,ARO,1385,Antimora rostrata,-0.877138567,0.03,3.144037979,0.01,My_data,SUMIE,Blue Box,ARH3 1,Antimora,Tray,Haul 3 Area 5A,27,NADW,2006,2006,NA,NA,1500,NA,NA,380,380,NA,NA,NA,NA,362,331,396,NA,NA,2,Y,NA,54,5,0,N,54:05:00,13,55,0,W,13:55:00,54.0833,-13.9167,3.58,0.47,1.4,-0.12,-24,35.5,0.1
ARO 1386,ARO,1386,Antimora rostrata,-2.812895542,0.02,2.837447118,0.02,My_data,SUMIE,Blue Box,ARH3 2,Antimora,Tray,Haul 3 Area 5A,27,NADW,2006,2006,NA,NA,1500,NA,NA,290,290,NA,NA,NA,NA,138,126,151,NA,NA,2,Y,NA,54,5,0,N,54:05:00,13,55,0,W,13:55:00,54.0833,-13.9167,3.58,0.47,1.4,-0.12,-24,35.5,0.1
ARO 1387,ARO,1387,Antimora rostrata,-1.59340923,0.01,2.994724248,0.02,My_data,SUMIE,Blue Box,ARH3 3,Antimora,Tray,Haul 3 Area 5A,27,NADW,2006,2006,NA,NA,1500,NA,NA,320,320,NA,NA,NA,NA,196,179,214,NA,NA,2,Y,NA,54,5,0,N,54:05:00,13,55,0,W,13:55:00,54.0833,-13.9167,3.58,0.47,1.4,-0.12,-24,35.5,0.1
ARO 1388,ARO,1388,Antimora rostrata,-1.399630623,0.02,3.083317062,0.04,My_data,SUMIE,Blue Box,ARH3 4,Antimora,Tray,Haul 3 Area 5A,27,NADW,2006,2006,NA,NA,1500,NA,NA,330,330,NA,NA,NA,NA,218,200,239,NA,NA,2,Y,NA,54,5,0,N,54:05:00,13,55,0,W,13:55:00,54.0833,-13.9167,3.58,0.47,1.4,-0.12,-24,35.5,0.1
ARO 1389,ARO,1389,Antimora rostrata,-1.713125856,0.02,3.160960202,0.03,My_data,SUMIE,Blue Box,ARH3 5,Antimora,Tray,Haul 3 Area 5A,27,NADW,2006,2006,NA,NA,1500,NA,NA,550,550,NA,NA,NA,NA,1360,1243,1489,NA,NA,2,Y,NA,54,5,0,N,54:05:00,13,55,0,W,13:55:00,54.0833,-13.9167,3.58,0.47,1.4,-0.12,-24,35.5,0.1
ARO 1390,ARO,1390,Antimora rostrata,-1.035408006,0.01,3.171909876,0.04,My_data,SUMIE,Blue Box,ARH3 6,Antimora,Tray,Haul 3 Area 5A,27,NADW,2006,2006,NA,NA,1500,NA,NA,370,370,NA,NA,NA,NA,329,301,360,NA,NA,2,Y,NA,54,5,0,N,54:05:00,13,55,0,W,13:55:00,54.0833,-13.9167,3.58,0.47,1.4,-0.12,-24,35.5,0.1
ARO 1391,ARO,1391,Antimora rostrata,-0.670170841,0.01,3.088294186,0.03,My_data,SUMIE,Blue Box,ARH3 7,Antimora,Tray,Haul 3 Area 5A,27,NADW,2006,2006,NA,NA,1500,NA,NA,360,360,NA,NA,NA,NA,298,273,326,NA,NA,2,Y,NA,54,5,0,N,54:05:00,13,55,0,W,13:55:00,54.0833,-13.9167,3.58,0.47,1.4,-0.12,-24,35.5,0.1
ARO 1392,ARO,1392,Antimora rostrata,-1.66341302,0.02,3.031554969,0.02,My_data,SUMIE,Blue Box,ARH3 8,Antimora,Tray,Haul 3 Area 5A,27,NADW,2006,2006,NA,NA,1500,NA,NA,350,350,NA,NA,NA,NA,270,246,295,NA,NA,2,Y,NA,54,5,0,N,54:05:00,13,55,0,W,13:55:00,54.0833,-13.9167,3.58,0.47,1.4,-0.12,-24,35.5,0.1
ARO 1393,ARO,1393,Antimora rostrata,-1.392528789,0.01,2.922058232,0.02,My_data,SUMIE,Blue Box,ARH3 9,Antimora,Tray,Haul 3 Area 5A,27,NADW,2006,2006,NA,NA,1500,NA,NA,320,320,NA,NA,NA,NA,196,179,214,NA,NA,2,Y,NA,54,5,0,N,54:05:00,13,55,0,W,13:55:00,54.0833,-13.9167,3.58,0.47,1.4,-0.12,-24,35.5,0.1
ARO 1394,ARO,1394,Antimora rostrata,-1.718198595,0.01,3.028568694,0.02,My_data,SUMIE,Blue Box,ARH3 10,Antimora,Tray,Haul 3 Area 5A,27,NADW,2006,2006,NA,NA,1500,NA,NA,280,280,NA,NA,NA,NA,121,111,133,NA,NA,2,Y,NA,54,5,0,N,54:05:00,13,55,0,W,13:55:00,54.0833,-13.9167,3.58,0.47,1.4,-0.12,-24,35.5,0.1
C_4,ARO,C_4,Antimora rostrata,-0.88923556,0.02,2.881349296,0.02,Clives_data,Clives,NA,NA,ARO,NA,NA,27,NADW,NA,2006,NA,NA,1500,NA,NA,280,280,NA,NA,NA,125,125,125,125,NA,NA,NA,NA,NA,NA,NA,NA,NA,NA,NA,NA,NA,NA,NA,54.0833,-13.9167,3.58,0.47,1.4,-0.12,-24,35.5,0.1
C_5,ARO,C_5,Antimora rostrata,-1.303585767,0.02,2.762491522,0.02,Clives_data,Clives,NA,NA,ARO,NA,NA,27,NADW,NA,2006,NA,NA,1500,NA,NA,550,550,NA,NA,NA,1088,1088,1088,1088,NA,NA,NA,NA,NA,NA,NA,NA,NA,NA,NA,NA,NA,NA,NA,54.0833,-13.9167,3.58,0.47,1.4,-0.12,-24,35.5,0.1
C_51,ARO,C_51,Antimora rostrata,-0.94,0.02,2.78,0.02,Clives_data,Clives,NA,NA,ARO,NA,NA,27,NADW,NA,2009,NA,NA,2000,NA,NA,520,520,NA,NA,NA,1169,1169,1169,1169,NA,NA,NA,NA,NA,NA,NA,NA,NA,NA,NA,NA,NA,NA,NA,57.38,-10.01,3.58,0.47,1.4,-0.12,-24.5,35.25,0.3
C_52,ARO,C_52,Antimora rostrata,-0.885431331,0.02,2.756221441,0.02,Clives_data,Clives,NA,NA,ARO,NA,NA,27,NADW,NA,2009,NA,NA,2000,NA,NA,550,550,NA,NA,NA,1457,1457,1457,1457,NA,NA,NA,NA,NA,NA,NA,NA,NA,NA,NA,NA,NA,NA,NA,57.38,-10.01,3.58,0.47,1.4,-0.12,-24.5,35.25,0.3
C_53,ARO,C_53,Antimora rostrata,-1.01,0.02,2.77,0.02,Clives_data,Clives,NA,NA,ARO,NA,NA,27,NADW,NA,2009,NA,NA,2000,NA,NA,550,550,NA,NA,NA,1213,1213,1213,1213,NA,NA,NA,NA,NA,NA,NA,NA,NA,NA,NA,NA,NA,NA,NA,57.38,-10.01,3.58,0.47,1.4,-0.12,-24.5,35.25,0.3
C_54,ARO,C_54,Antimora rostrata,-1.31,0.02,2.29,0.02,Clives_data,Clives,NA,NA,ARO,NA,NA,27,NADW,NA,2009,NA,NA,2000,NA,NA,520,520,NA,NA,NA,1134,1134,1134,1134,NA,NA,NA,NA,NA,NA,NA,NA,NA,NA,NA,NA,NA,NA,NA,57.38,-10.01,3.58,0.47,1.4,-0.12,-24.5,35.25,0.3
C_55,ACA,C_55,Aphanopus carbo,-4.374415578,0.02,1.406614204,0.02,Clives_data,Clives,NA,NA,ARO,NA,NA,27,NADW,NA,2009,NA,NA,850,NA,NA,1090,1090,NA,NA,NA,1894,1894,1894,1894,NA,NA,NA,NA,NA,NA,NA,NA,NA,NA,NA,NA,NA,NA,NA,57.6,-12.91,4.48,0.77,1.4,-0.12,-24.5,35.25,0.1
C_56,ACA,C_56,Aphanopus carbo,-2.88,0.02,2.31,0.02,Clives_data,Clives,NA,NA,ARO,NA,NA,27,NADW,NA,2009,NA,NA,850,NA,NA,970,970,NA,NA,NA,1360,1360,1360,1360,NA,NA,NA,NA,NA,NA,NA,NA,NA,NA,NA,NA,NA,NA,NA,57.6,-12.91,4.48,0.77,1.4,-0.12,-24.5,35.25,0.1
C_57,ACA,C_57,Aphanopus carbo,-4.720433674,0.02,1.546056312,0.02,Clives_data,Clives,NA,NA,ARO,NA,NA,27,NADW,NA,2009,NA,NA,850,NA,NA,980,980,NA,NA,NA,1324,1324,1324,1324,NA,NA,NA,NA,NA,NA,NA,NA,NA,NA,NA,NA,NA,NA,NA,57.6,-12.91,4.48,0.77,1.4,-0.12,-24.5,35.25,0.1
C_58,ASI,C_58,Argentina silus,-3.712717191,0.02,2.223583939,0.02,Clives_data,Clives,NA,NA,ASI,NA,NA,27,NADW,NA,2009,NA,NA,500,NA,NA,420,420,NA,NA,NA,675,675,675,675,NA,NA,NA,NA,NA,NA,NA,NA,NA,NA,NA,NA,NA,NA,NA,58.74,-8.01,3.32,0.3,1.4,-0.12,-24.5,35.25,0.4
C_59,ASI,C_59,Argentina silus,-3.806894636,0.02,2.511611117,0.02,Clives_data,Clives,NA,NA,ASI,NA,NA,27,NADW,NA,2009,NA,NA,500,NA,NA,420,420,NA,NA,NA,680,680,680,680,NA,NA,NA,NA,NA,NA,NA,NA,NA,NA,NA,NA,NA,NA,NA,58.74,-8.01,3.32,0.3,1.4,-0.12,-24.5,35.25,0.4
C_60,ASI,C_60,Argentina silus,-3.518189958,0.02,2.696696262,0.02,Clives_data,Clives,NA,NA,ASI,NA,NA,27,NADW,NA,2009,NA,NA,500,NA,NA,420,420,NA,NA,NA,714,714,714,714,NA,NA,NA,NA,NA,NA,NA,NA,NA,NA,NA,NA,NA,NA,NA,58.74,-8.01,3.32,0.3,1.4,-0.12,-24.5,35.25,0.4
C_61,ASI,C_61,Argentina silus,-2.45,0.02,1.5,0.02,Clives_data,Clives,NA,NA,ASI,NA,NA,27,NADW,NA,2009,NA,NA,500,NA,NA,430,430,NA,NA,NA,694,694,694,694,NA,NA,NA,NA,NA,NA,NA,NA,NA,NA,NA,NA,NA,NA,NA,58.74,-8.01,3.32,0.3,1.4,-0.12,-24.5,35.25,0.4
C_8,BDU,C_8,Bathypterois dubius,-2.736404174,0.02,2.774661874,0.02,Clives_data,Clives,NA,NA,BDU,NA,NA,27,NADW,NA,2006,NA,NA,1200,NA,NA,210,210,NA,NA,NA,29,29,29,29,NA,NA,NA,NA,NA,NA,NA,NA,NA,NA,NA,NA,NA,NA,NA,54.0833,-13.9167,3.37,0.45,1.4,-0.12,-24,35.5,0.1
C_9,BDU,C_9,Bathypterois dubius,-2.736404174,0.02,2.774661874,0.02,Clives_data,Clives,NA,NA,BDU,NA,NA,27,NADW,NA,2006,NA,NA,1200,NA,NA,170,170,NA,NA,NA,18,18,18,18,NA,NA,NA,NA,NA,NA,NA,NA,NA,NA,NA,NA,NA,NA,NA,54.0833,-13.9167,3.37,0.45,1.4,-0.12,-24,35.5,0.1
C_62,BDU,C_62,Bathypterois dubius,-3.670118743,0.02,2.620239276,0.02,Clives_data,Clives,NA,NA,BDU,NA,NA,27,NADW,NA,2009,NA,NA,1500,NA,NA,190,190,NA,NA,NA,58.1,58.1,58.1,58.1,NA,NA,NA,NA,NA,NA,NA,NA,NA,NA,NA,NA,NA,NA,NA,56.14,-9.66,3.37,0.45,1.4,-0.12,-24,35.25,0.3
CAR 580,CAR,580,Coryphaenoides armatus,0.028079738,0.01,3.897073774,0.01,My_data,Discovery,Bags,NA,N. armatus,Plastic bag,11908#44,27,NADW,05/09/1989,1989,NA,OTSB14,4839-4877,143,NA,NA,813,NA,NA,NA,NA,972,972,972,NA,NA,2,Y,Disco 185.  13,48,47,18,N,48:47:18,16,29,54,W,16:29:54,48.7883,-16.4983,3.62,0.52,1.4,-0.14,-23,35.5,0.1
CAR 582,CAR,582,Coryphaenoides armatus,0.129874248,0.01,3.865305772,0.02,My_data,Discovery,Bags,NA,N. armatus,Plastic bag,11908#44,27,NADW,05/09/1989,1989,NA,OTSB14,4839-4877,131,NA,NA,744,NA,NA,NA,NA,780,780,780,NA,NA,2,Y,Disco 185.  11,48,47,18,N,48:47:18,16,29,54,W,16:29:54,48.7883,-16.4983,3.62,0.52,1.4,-0.14,-23,35.5,0.1
CAR 584,CAR,584,Coryphaenoides armatus,-0.564723582,0.02,3.852400021,0.02,My_data,Discovery,Bags,NA,N. armatus,Plastic bag,11908#44,27,NADW,05/09/1989,1989,NA,OTSB14,4839-4877,131,NA,NA,744,NA,NA,NA,NA,780,780,780,NA,NA,2,Y,Disco 185.  9,48,47,18,N,48:47:18,16,29,54,W,16:29:54,48.7883,-16.4983,3.62,0.52,1.4,-0.14,-23,35.5,0.1
CAR 585,CAR,585,Coryphaenoides armatus,-0.144571734,0.02,3.920899775,0.02,My_data,Discovery,Bags,NA,N. armatus,Plastic bag,11908#44,27,NADW,05/09/1989,1989,NA,OTSB14,4839-4877,130,NA,NA,739,NA,NA,NA,NA,767,767,767,NA,NA,2,Y,Disco 185.  8,48,47,18,N,48:47:18,16,29,54,W,16:29:54,48.7883,-16.4983,3.62,0.52,1.4,-0.14,-23,35.5,0.1
CAR 586,CAR,586,Coryphaenoides armatus,0.255620407,0.02,3.82956677,0.02,My_data,Discovery,Bags,NA,N. armatus,Plastic bag,11908#44,27,NADW,05/09/1989,1989,NA,OTSB14,4839-4877,127,NA,NA,722,NA,NA,NA,NA,724,724,724,NA,NA,2,Y,Disco 185.  7,48,47,18,N,48:47:18,16,29,54,W,16:29:54,48.7883,-16.4983,3.62,0.52,1.4,-0.14,-23,35.5,0.1
CAR 587,CAR,587,Coryphaenoides armatus,-0.195468989,0.02,3.926856276,0.02,My_data,Discovery,Bags,NA,N. armatus,Plastic bag,11908#44,27,NADW,05/09/1989,1989,NA,OTSB14,4839-4877,130,NA,NA,739,NA,NA,NA,NA,767,767,767,NA,NA,2,Y,Disco 185.  6,48,47,18,N,48:47:18,16,29,54,W,16:29:54,48.7883,-16.4983,3.62,0.52,1.4,-0.14,-23,35.5,0.1
CAR 588,CAR,588,Coryphaenoides armatus,-0.41801973,0.01,3.764045266,0.03,My_data,Discovery,Bags,NA,N. armatus,Plastic bag,11908#44,27,NADW,05/09/1989,1989,NA,OTSB14,4839-4877,132,NA,NA,750,NA,NA,NA,NA,795,795,795,NA,NA,2,Y,Disco 185.  5,48,47,18,N,48:47:18,16,29,54,W,16:29:54,48.7883,-16.4983,3.62,0.52,1.4,-0.14,-23,35.5,0.1
CAR 590,CAR,590,Coryphaenoides armatus,-0.19946093,0.02,3.860342021,0.03,My_data,Discovery,Bags,NA,N. armatus,Plastic bag,11908#44,27,NADW,05/09/1989,1989,NA,OTSB14,4839-4877,129,NA,NA,733,NA,NA,NA,NA,751,751,751,NA,NA,2,Y,Disco 185.  3,48,47,18,N,48:47:18,16,29,54,W,16:29:54,48.7883,-16.4983,3.62,0.52,1.4,-0.14,-23,35.5,0.1
CAR 591,CAR,591,Coryphaenoides armatus,-0.000861838,0.01,3.813682769,0.03,My_data,Discovery,Bags,NA,N. armatus,Plastic bag,11908#44,27,NADW,05/09/1989,1989,NA,OTSB14,4839-4877,129,NA,NA,733,NA,NA,NA,NA,751,751,751,NA,NA,2,Y,Disco 185.  2,48,47,18,N,48:47:18,16,29,54,W,16:29:54,48.7883,-16.4983,3.62,0.52,1.4,-0.14,-23,35.5,0.1
CAR 579,CAR,579,Coryphaenoides armatus,0.007136969,0.03,3.818526748,0.02,My_data,Discovery,Bags,NA,N. armatus,Plastic bag,11908#44,27,NADW,05/09/1989,1989,NA,OTSB14,4839-4877,130,NA,NA,739,NA,NA,NA,NA,767,767,767,NA,NA,2,Y,Disco 185.  14,48,47,18,N,48:47:18,16,29,54,W,16:29:54,48.7883,-16.4983,3.62,0.52,1.4,-0.14,-23,35.5,0.1
CCA 1467,CCA,1467,Coelorinchus caelorhincus,-0.321215148,0.01,2.313637427,0.02,My_data,SUMIE,Blue Box,CCH9-2,Coelorhynchus coelorhynchus,Tray,Haul 9 Area 5A,27,NADW,2006,2006,NA,NA,750,NA,NA,NA,367,NA,NA,130,NA,169,148,193,NA,NA,2,Y,NA,54,5,0,N,54:05:00,13,55,0,W,13:55:00,54.0833,-13.9167,3.49,0.243,1.4,-0.12,-24,35.5,0.1
CCA 1468,CCA,1468,Coelorinchus caelorhincus,-0.8162159,0.01,2.278891175,0.03,My_data,SUMIE,Blue Box,CCH9-3,Coelorhynchus coelorhynchus,Tray,Haul 9 Area 5A,27,NADW,2006,2006,NA,NA,750,NA,NA,NA,339,NA,NA,120,NA,132,115,151,NA,NA,2,Y,NA,54,5,0,N,54:05:00,13,55,0,W,13:55:00,54.0833,-13.9167,3.49,0.243,1.4,-0.12,-24,35.5,0.1
CCA 1469,CCA,1469,Coelorinchus caelorhincus,-0.538775962,0.01,2.244144922,0.03,My_data,SUMIE,Blue Box,CCH9-4,Coelorhynchus coelorhynchus,Tray,Haul 9 Area 5A,27,NADW,2006,2006,NA,NA,750,NA,NA,NA,339,NA,NA,120,NA,132,115,151,NA,NA,2,Y,NA,54,5,0,N,54:05:00,13,55,0,W,13:55:00,54.0833,-13.9167,3.49,0.243,1.4,-0.12,-24,35.5,0.1
CCA 1470,CCA,1470,Coelorinchus caelorhincus,0.042051534,0.02,2.451629685,0.02,My_data,SUMIE,Blue Box,CCH9-5,Coelorhynchus coelorhynchus,Tray,Haul 9 Area 5A,27,NADW,2006,2006,NA,NA,750,NA,NA,NA,395,NA,NA,140,NA,212,186,243,NA,NA,2,Y,NA,54,5,0,N,54:05:00,13,55,0,W,13:55:00,54.0833,-13.9167,3.49,0.243,1.4,-0.12,-24,35.5,0.1
CCA 1471,CCA,1471,Coelorinchus caelorhincus,-0.261336024,0.01,2.282862175,0.02,My_data,SUMIE,Blue Box,CCH9-6,Coelorhynchus coelorhynchus,Tray,Haul 9 Area 5A,27,NADW,2006,2006,NA,NA,750,NA,NA,NA,311,NA,NA,110,NA,101,88,116,NA,NA,2,Y,NA,54,5,0,N,54:05:00,13,55,0,W,13:55:00,54.0833,-13.9167,3.49,0.243,1.4,-0.12,-24,35.5,0.1
CCA 1473,CCA,1473,Coelorinchus caelorhincus,-0.582687319,0.01,2.389086431,0.02,My_data,SUMIE,Blue Box,CCH9-8,Coelorhynchus coelorhynchus,Tray,Haul 9 Area 5A,27,NADW,2006,2006,NA,NA,750,NA,NA,NA,395,NA,NA,140,NA,212,186,243,NA,NA,2,Y,NA,54,5,0,N,54:05:00,13,55,0,W,13:55:00,54.0833,-13.9167,3.49,0.243,1.4,-0.12,-24,35.5,0.1
CCA 1476,CCA,1476,Coelorinchus caelorhincus,-0.611628896,0.01,2.322572177,0.01,My_data,SUMIE,Blue Box,CCH9-11,Coelorhynchus coelorhynchus,Tray,Haul 9 Area 5A,27,NADW,2006,2006,NA,NA,750,NA,NA,NA,395,NA,NA,140,NA,212,186,243,NA,NA,1,Y,NA,54,5,0,N,54:05:00,13,55,0,W,13:55:00,54.0833,-13.9167,3.49,0.243,1.4,-0.12,-24,35.5,0.1
CCA 1475,CCA,1475,Coelorinchus caelorhincus,-0.31,0.02,2.061,0.02,My_data,SUMIE,Blue Box,CCH9-10,Coelorhynchus coelorhynchus,Tray,Haul 9 Area 5A,27,NADW,2006,2006,NA,NA,750,NA,NA,NA,508,NA,NA,180,NA,464,406,532,NA,NA,1,Y,NA,54,5,0,N,54:05:00,13,55,0,W,13:55:00,54.0833,-13.9167,3.49,0.243,1.4,-0.12,-24,35.5,0.1
CCA 1474,CCA,1474,Coelorinchus caelorhincus,0.053,0.02,2.323,0.02,My_data,SUMIE,Blue Box,CCH9-9,Coelorhynchus coelorhynchus,Tray,Haul 9 Area 5A,27,NADW,2006,2006,NA,NA,750,NA,NA,NA,339,NA,NA,120,NA,132,115,151,NA,NA,2,Y,NA,54,5,0,N,54:05:00,13,55,0,W,13:55:00,54.0833,-13.9167,3.49,0.243,1.4,-0.12,-24,35.5,0.1
CCA 1472,CCA,1472,Coelorinchus caelorhincus,-0.089488192,0.01,2.478508897,0.02,My_data,SUMIE,Blue Box,CCH9-7,Coelorhynchus coelorhynchus,Tray,Haul 9 Area 5A,27,NADW,2006,2006,NA,NA,750,NA,NA,NA,339,NA,NA,120,NA,132,115,151,NA,NA,2,Y,NA,54,5,0,N,54:05:00,13,55,0,W,13:55:00,54.0833,-13.9167,3.49,0.243,1.4,-0.12,-24,35.5,0.1
C_13,CCA,C_13,Coelorinchus caelorhincus,0.053,0.02,2.323,0.02,Clives_data,Clives,NA,NA,CCA,NA,NA,27,NADW,NA,2006,NA,NA,750,NA,NA,140,140,NA,NA,NA,212,212,212,212,NA,NA,NA,NA,NA,NA,NA,NA,NA,NA,NA,NA,NA,NA,NA,54.0833,-13.9167,3.49,0.243,1.4,-0.12,-24,35.5,0.1
C_14,CCA,C_14,Coelorinchus caelorhincus,-0.31,0.02,2.061,0.02,Clives_data,Clives,NA,NA,CCA,NA,NA,27,NADW,NA,2006,NA,NA,750,NA,NA,120,120,NA,NA,NA,132,132,132,132,NA,NA,NA,NA,NA,NA,NA,NA,NA,NA,NA,NA,NA,NA,NA,54.0833,-13.9167,3.49,0.243,1.4,-0.12,-24,35.5,0.1
C_63,CCA,C_63,Coelorinchus caelorhincus,-1.597265542,0.02,1.493804054,0.02,Clives_data,Clives,NA,NA,CCA,NA,NA,27,NADW,NA,2009,NA,NA,540,NA,NA,310.2,310.2,NA,NA,NA,162,162,162,162,NA,NA,NA,NA,NA,NA,NA,NA,NA,NA,NA,NA,NA,NA,NA,57.63,-9.61,3.49,0.243,1.4,-0.12,-24.5,35.25,0.3
C_64,CCA,C_64,Coelorinchus caelorhincus,-0.8,0.02,2.06,0.02,Clives_data,Clives,NA,NA,CCA,NA,NA,27,NADW,NA,2009,NA,NA,540,NA,NA,310.2,310.2,NA,NA,NA,180,180,180,180,NA,NA,NA,NA,NA,NA,NA,NA,NA,NA,NA,NA,NA,NA,NA,57.63,-9.61,3.49,0.243,1.4,-0.12,-24.5,35.25,0.3
C_65,CCA,C_65,Coelorinchus caelorhincus,-0.559368508,0.02,1.910128062,0.02,Clives_data,Clives,NA,NA,CCA,NA,NA,27,NADW,NA,2009,NA,NA,540,NA,NA,338.4,338.4,NA,NA,NA,197,197,197,197,NA,NA,NA,NA,NA,NA,NA,NA,NA,NA,NA,NA,NA,NA,NA,57.63,-9.61,3.49,0.243,1.4,-0.12,-24.5,35.25,0.3
C_66,CCA,C_66,Coelorinchus caelorhincus,-1.236996396,0.02,2.222154135,0.02,Clives_data,Clives,NA,NA,CCA,NA,NA,27,NADW,NA,2009,NA,NA,540,NA,NA,338.4,338.4,NA,NA,NA,213,213,213,213,NA,NA,NA,NA,NA,NA,NA,NA,NA,NA,NA,NA,NA,NA,NA,57.63,-9.61,3.49,0.243,1.4,-0.12,-24.5,35.25,0.3
C_67,CCA,C_67,Coelorinchus caelorhincus,-0.03,0.02,1.94,0.02,Clives_data,Clives,NA,NA,CCA,NA,NA,27,NADW,NA,2009,NA,NA,540,NA,NA,366.6,366.6,NA,NA,NA,267,267,267,267,NA,NA,NA,NA,NA,NA,NA,NA,NA,NA,NA,NA,NA,NA,NA,57.63,-9.61,3.49,0.243,1.4,-0.12,-24.5,35.25,0.3
C_68,CCA,C_68,Coelorinchus caelorhincus,-0.55,0.02,2.8,0.02,Clives_data,Clives,NA,NA,CCA,NA,NA,27,NADW,NA,2009,NA,NA,1800,NA,NA,125,125,NA,NA,NA,111,111,111,111,NA,NA,NA,NA,NA,NA,NA,NA,NA,NA,NA,NA,NA,NA,NA,57.65,-9.98,3.49,0.243,1.4,-0.12,-24.5,35.25,0.3
CFA 2919,CFA,2919,Coelorinchus fasciatus,-0.73888,0.02,2.701650249,0.01,My_data,Tristan,Bags,AVB_063,CRF,NA,haul138,47,CDW,NA,2018,NA,NA,NA,NA,NA,229,229,NA,NA,NA,NA,42,42,42,F,5,2,Y,NA,37,15,3,S,37:15:03,12,31,5,W,12:31:56,-37.2508,-12.5322,3.86,0.221,1.3,-0.18,-23.5,36.25,0.2
CFA 2916,CFA,2916,Coelorinchus fasciatus,-0.333211429,0.01,2.950108737,0.01,My_data,Tristan,Bags,AVB_060,CRF,NA,haul138,47,CDW,NA,2018,NA,NA,NA,NA,NA,292,292,NA,NA,NA,NA,77,77,77,F ,5,2,Y,NA,37,15,3,S,37:15:03,12,31,5,W,12:31:56,-37.2508,-12.5322,3.86,0.221,1.3,-0.18,-23.5,36.25,0.2
CFA 2915,CFA,2915,Coelorinchus fasciatus,-0.452525714,0.02,2.82338493,0.01,My_data,Tristan,Bags,AVB_059,CRF,NA,haul138,47,CDW,NA,2018,NA,NA,NA,NA,NA,298,298,NA,NA,NA,NA,81,81,81,F,5,2,Y,NA,37,15,3,S,37:15:03,12,31,5,W,12:31:56,-37.2508,-12.5322,3.86,0.221,1.3,-0.18,-23.5,36.25,0.2
CFA 2913,CFA,2913,Coelorinchus fasciatus,-0.621554286,0.01,2.953102213,0.02,My_data,Tristan,Bags,AVB_057,CRF,NA,haul138,47,CDW,NA,2018,NA,NA,NA,NA,NA,266,266,NA,NA,NA,NA,61,61,61,M,3,2,Y,NA,37,15,3,S,37:15:03,12,31,5,W,12:31:56,-37.2508,-12.5322,3.86,0.221,1.3,-0.18,-23.5,36.25,0.2
CFA 2921,CFA,2021,Coelorinchus fasciatus,-0.461474286,0.02,2.695663298,0.02,My_data,Tristan,Bags,AVB_065,CRF,NA,haul138,47,CDW,NA,2018,NA,NA,NA,NA,NA,235,235,NA,NA,NA,NA,45,45,45,M,1,2,Y,NA,37,15,3,S,37:15:03,12,12,31,W,12:31:56,-37.2508,-12.5322,3.86,0.221,1.3,-0.18,-23.5,36.25,0.2
CFA 2908,CFA,2908,Coelorinchus fasciatus,-0.422697143,0.02,2.942126135,0.01,My_data,Tristan,Bags,AVB_052,CRF,NA,haul138,47,CDW,NA,2018,NA,NA,NA,NA,NA,250,250,NA,NA,NA,NA,52,52,52,M,3,2,Y,NA,37,15,3,S,37:15:03,12,31,5,W,12:31:56,-37.2508,-12.5322,3.86,0.221,1.3,-0.18,-23.5,36.25,0.2
CFA 2914,CFA,2914,Coelorinchus fasciatus,-1.640697143,0.03,2.6048612,0.01,My_data,Tristan,Bags,AVB_058,CRF,NA,haul138,47,CDW,NA,2018,NA,NA,NA,NA,NA,246,246,NA,NA,NA,NA,50,50,50,F,1,2,Y,NA,37,15,3,S,37:15:03,12,31,5,W,12:31:56,-37.2508,-12.5322,3.86,0.221,1.3,-0.18,-23.5,36.25,0.2
CFA 2924,CFA,2924,Coelorinchus fasciatus,-0.115462857,0.02,2.9012153,0.02,My_data,Tristan,Bags,AVB_068,CRF,NA,haul121,47,CDW,NA,2018,NA,NA,NA,NA,NA,259,259,NA,NA,NA,NA,57,57,57,F,5,2,Y,NA,37,15,3,S,37:15:03,12,31,5,W,12:31:56,-37.2508,-12.5322,3.86,0.221,1.3,-0.18,-23.5,36.25,0.2
CFA 2920,CFA,2920,Coelorinchus fasciatus,-0.895977143,0.02,2.782474095,0.01,My_data,Tristan,Bags,AVB_064,CRF,NA,haul138,47,CDW,NA,2018,NA,NA,NA,NA,NA,244,244,NA,NA,NA,NA,49,49,49,M,5,2,Y,NA,37,15,3,S,37:15:03,12,31,5,W,12:31:56,-37.2508,-12.5322,3.86,0.221,1.3,-0.18,-23.5,36.25,0.2
CFA 2922,CFA,2922,Coelorinchus fasciatus,-0.665302857,0.03,2.699654599,0.01,My_data,Tristan,Bags,AVB_066,CRF,NA,haul138,47,CDW,NA,2018,NA,NA,NA,NA,NA,272,272,NA,NA,NA,NA,64,64,64,F,5,2,Y,NA,37,15,3,S,37:15:03,12,31,5,W,12:31:56,-37.2508,-12.5322,3.86,0.221,1.3,-0.18,-23.5,36.25,0.2
CGL 1064,CGL,1064,Cetonurus globiceps,0.396118772,0.02,3.450628841,0.03,My_data,Discovery,Black topped jars,NA,Cetonorus globiceps,Plastic bag,NA,37,DM,27/08/1950,1950,NA,XSR,NA,87,NA,NA,407,NA,NA,NA,NA,213,94,484,NA,NA,2,Y,NA,36,54,0,N,36:54:00,15,54,0,E,15:54:00,36.9,15.9,3.85,0.6,1.7,-0.08,-24,35.5,0.4
CGL 1065,CGL,1065,Cetonurus globiceps,0.442787965,0.01,3.676590287,0.03,My_data,Discovery,Black topped jars,NA,Cetonorus globiceps,Plastic bag,NA,37,DM,27/08/1950,1950,NA,XSR,NA,96,NA,NA,449,NA,NA,NA,NA,293,129,665,NA,NA,2,Y,NA,36,54,0,N,36:54:00,15,54,0,E,15:54:00,36.9,15.9,3.85,0.6,1.7,-0.08,-24,35.5,0.4
CGL 132,CGL,132,Cetonurus globiceps,0.947018163,0.02,3.658672639,0.02,My_data,Discovery,Box I,NA,C. globiceps,Plastic tube,NA,27,NADW,04/07/1987,1987,NA,OTSB14,NA,84,NA,NA,393,NA,NA,NA,NA,191,84,433,Female,III/V,1,Y,NA,20,29,12,N,20:29:12,18,27,18,W,18:27:18,20.4867,-18.455,3.85,0.6,1.4,-0.18,-19,36.6,0.3
CGL 133,CGL,133,Cetonurus globiceps,0.265600261,0.02,3.311351238,0.02,My_data,Discovery,Box I,NA,C. globiceps,Plastic tube,NA,34,NADW,04/07/1987,1987,NA,OTSB14,NA,57,NA,NA,266,NA,NA,NA,NA,54,24,123,NA,NA,1,Y,NA,20,29,12,N,20:29:12,18,27,18,W,18:27:18,20.4867,-18.455,3.85,0.6,1.4,-0.18,-19,36.6,0.3
CGL 136,CGL,136,Cetonurus globiceps,1.090069386,0.02,3.632791592,0.04,My_data,Discovery,Box I,NA,C. globiceps,Plastic tube,NA,34,NADW,04/07/1987,1987,NA,OTSB14,NA,79,NA,NA,369,NA,NA,NA,NA,156,69,353,Male,NA,1,Y,NA,20,29,12,N,20:29:12,18,27,18,W,18:27:18,20.4867,-18.455,3.85,0.6,1.4,-0.18,-19,36.6,0.3
CGL 140,CGL,140,Cetonurus globiceps,0.371769628,0.01,3.350090928,0.02,My_data,Discovery,Box I,NA,C. globiceps,Plastic tube,NA,34,NADW,04/07/1987,1987,NA,OTSB14,NA,66,NA,NA,308,NA,NA,NA,NA,87,38,197,NA,NA,1,Y,NA,20,29,12,N,20:29:12,18,27,18,W,18:27:18,20.4867,-18.455,3.85,0.6,1.4,-0.18,-19,36.6,0.3
CGL131,CGL,131,Cetonurus globiceps,1.116109283,0.01,3.507849967,0.02,My_data,Discovery,Box I,NA,C. globiceps,Plastic tube,NA,34,NADW,04/07/1987,1987,NA,OTSB14,NA,85,NA,NA,397,NA,NA,NA,NA,197,87,447,Female,III/V,1,Y,NA,20,29,12,N,20:29:12,18,27,18,W,18:27:18,20.4867,-18.455,3.85,0.6,1.4,-0.18,-19,36.6,0.3
CGL135,CGL,135,Cetonurus globiceps,-0.482899727,0.01,3.038490468,0.02,My_data,Discovery,Box I,NA,C. globiceps,Plastic tube,NA,34,NADW,18/08/1976,1976,NA,OTSB14,1341-1394,49,NA,NA,229,NA,NA,NA,NA,33,15,76,NA,NA,1,Y,NA,29,7,6,N,29:07:06,12,41,12,W,12:41:12,29.1183,-12.6867,3.85,0.6,1.3,-0.18,-22,36.5,0.2
CGL138,CGL,138,Cetonurus globiceps,0.184774254,0.02,3.093298902,0.02,My_data,Discovery,Box I,NA,C. globiceps,Plastic tube,NA,34,NADW,04/07/1987,1987,NA,OTSB14,NA,58,NA,NA,271,NA,NA,NA,NA,58,25,131,Female,I  ,1,Y,NA,20,29,12,N,20:29:12,18,27,18,W,18:27:18,20.4867,-18.455,3.85,0.6,1.4,-0.18,-19,36.6,0.3
CGL141,CGL,141,Cetonurus globiceps,-1.411227215,0.01,2.720601551,0.03,My_data,Discovery,Box I,NA,C. globiceps,Plastic tube,NA,34,NADW,18/08/1976,1976,NA,OTSB14,1341-1394,42,NA,NA,196,NA,NA,NA,NA,20,9,46,NA,NA,1,Y,NA,29,7,6,N,29:07:06,12,41,12,W,12:41:12,29.1183,-12.6867,3.85,0.6,1.3,-0.18,-22,36.5,0.2
C_19,CGU,C_19,Coryphaenoides guentheri,-0.435,0.02,3.1,0.02,Clives_data,Clives,NA,NA,CGU,NA,NA,27,NADW,NA,2006,NA,NA,1500,NA,NA,110,110,NA,NA,NA,124,124,124,124,NA,NA,NA,NA,NA,NA,NA,NA,NA,NA,NA,NA,NA,NA,NA,54.0833,-13.9167,3.26,0.42,1.4,-0.12,-24,35.5,0.1
C_16,CLA,C_16,Coelorinchus labiatus,-1.55803224,0.02,2.329218439,0.02,Clives_data,Clives,NA,NA,CLA,NA,NA,27,NADW,NA,2006,NA,NA,1500,NA,NA,140,140,NA,NA,NA,83,83,83,83,NA,NA,NA,NA,NA,NA,NA,NA,NA,NA,NA,NA,NA,NA,NA,54.0833,-13.9167,3.95,0.65,1.4,-0.12,-24,35.5,0.1
C_17,CLA,C_17,Coelorinchus labiatus,-0.101,0.02,2.862,0.02,Clives_data,Clives,NA,NA,CLA,NA,NA,27,NADW,NA,2006,NA,NA,1500,NA,NA,120,120,NA,NA,NA,51,51,51,51,NA,NA,NA,NA,NA,NA,NA,NA,NA,NA,NA,NA,NA,NA,NA,54.0833,-13.9167,3.95,0.65,1.4,-0.12,-24,35.5,0.1
C_18,CLA,C_18,Coelorinchus labiatus,-0.813,0.02,2.69,0.02,Clives_data,Clives,NA,NA,CLA,NA,NA,27,NADW,NA,2006,NA,NA,1500,NA,NA,140,140,NA,NA,NA,83,83,83,83,NA,NA,NA,NA,NA,NA,NA,NA,NA,NA,NA,NA,NA,NA,NA,54.0833,-13.9167,3.95,0.65,1.4,-0.12,-24,35.5,0.1
C_15,CME,C_15,Coryphaenoides mediterraneus,-0.841,0.02,2.807,0.02,Clives_data,Clives,NA,NA,CME,NA,NA,27,NADW,NA,2006,NA,NA,1500,NA,NA,140,140,NA,NA,NA,320,320,320,320,NA,NA,NA,NA,NA,NA,NA,NA,NA,NA,NA,NA,NA,NA,NA,54.0833,-13.9167,3.4,0.41,1.4,-0.12,-24,35.5,0.1
C_74,CME,C_74,Coryphaenoides mediterraneus,-0.52,0.02,2.75,0.02,Clives_data,Clives,NA,NA,CME,NA,NA,27,NADW,NA,2009,NA,NA,1500,NA,NA,200,200,NA,NA,NA,1580,1580,1580,1580,NA,NA,NA,NA,NA,NA,NA,NA,NA,NA,NA,NA,NA,NA,NA,55.02,-10.49,3.4,0.41,1.4,-0.12,-24.5,35.25,0.3
CPR 2710,CPR,2710,Coryphaenoides profundicolus,-0.575817906,0.01,3.76717395,0.04,My_data,Discovery,Clip Top Jar,NA,C. (C.) profundicola,Plastic tube,12177#2,34,NADW,09/09/1990,1990,NA,OTSB14,NA,99,NA,NA,544,NA,NA,NA,NA,503,503,503,NA,NA,2,Y,NA,21,0,41,N,21:00:41,20,58,2,W,20:58:02,21.0114,-20.9672,3.5,0.5,1.3,-0.18,-19.5,36.75,0.3
CPR 2712,CPR,2712,Coryphaenoides profundicolus,-0.166955191,0.02,4.042906641,0.02,My_data,Discovery,Clip Top Jar,NA,C. C. profundicolus,Plastic tube,12177#2,34,NADW,09/09/1990,1990,NA,OTSB14,NA,126,NA,NA,692,NA,NA,NA,NA,1138,1138,1138,NA,NA,2,Y,NA,21,0,41,N,21:00:41,20,58,2,W,20:58:02,21.0114,-20.9672,3.5,0.5,1.3,-0.18,-19.5,36.75,0.3
CPR 2713,CPR,2713,Coryphaenoides profundicolus,0.973396402,0.01,3.997117096,0.02,My_data,Discovery,Clip Top Jar,NA,C. (Chalinura) profundicolus,Plastic tube,12600#66,34,NADW,16/10/1993,1993,NA,OTSB14,NA,116,NA,NA,637,NA,NA,NA,NA,860,860,860,NA,NA,2,Y,NA,20,55,58,N,20:55:58,31,11,29,W,31:11:29,20.9328,-31.1914,3.5,0.5,1.3,-0.2,-20.5,37,0.3
CPR 2714,CPR,2714,Coryphaenoides profundicolus,0.998760094,0.01,4.066796838,0.02,My_data,Discovery,Clip Top Jar,NA,C. C. profundicolus,Plastic tube,12189#1,34,NADW,24/09/1990,1990,NA,OTSB14,NA,142,NA,NA,780,NA,NA,NA,NA,1705,1705,1705,NA,NA,2,Y,NA,20,8,55,N,20:08:55,24,49,14,W,24:49:14,20.1486,-24.8206,3.5,0.5,1.4,-0.18,-20,36.75,0.3
CPR 2718,CPR,2718,Coryphaenoides profundicolus,1.132680388,0.02,4.005080495,0.01,My_data,Discovery,Clip Top Jar,NA,C. C. profundicolus,Plastic tube,12189#1,34,NADW,24/09/1990,1990,NA,OTSB14,NA,150,NA,NA,824,NA,NA,NA,NA,2052,2052,2052,NA,NA,2,Y,NA,20,8,55,N,20:08:55,24,49,14,W,24:49:14,20.1486,-24.8206,3.5,0.5,1.4,-0.18,-20,36.75,0.3
CPR 2720,CPR,2720,Coryphaenoides profundicolus,1.187465963,0.01,4.005080495,0.02,My_data,Discovery,Clip Top Jar,NA,C. (Chalinura) profundicolus,Plastic tube,12600#66,34,NADW,16/10/1993,1993,NA,OTSB14,NA,160,NA,NA,879,NA,NA,NA,NA,2553,2553,2553,NA,NA,2,Y,NA,20,55,58,N,20:55:58,31,11,29,W,31:11:29,20.9328,-31.1914,3.5,0.5,1.3,-0.2,-20.5,37,0.3
CPR 2721,CPR,2721,Coryphaenoides profundicolus,-0.660025364,0.02,3.706453033,0.04,My_data,Discovery,Clip Top Jar,NA,C. C. profundicola,Plastic tube,12177#2,34,NADW,09/09/1990,1990,NA,OTSB14,NA,92,NA,NA,505,NA,NA,NA,NA,393,393,393,NA,NA,2,Y,NA,21,0,41,N,21:00:41,20,58,2,W,20:58:02,21.0114,-20.9672,3.5,0.5,1.3,-0.18,-19.5,36.75,0.3
CPR 2729,CPR,2729,Coryphaenoides profundicolus,1.008905571,0.01,4.027975268,0.03,My_data,Discovery,Clip Top Jar,NA,C. (C.) profundicolus,Plastic tube,12600#33,34,NADW,07/10/1993,1993,NA,OTSB14,NA,93,NA,NA,511,NA,NA,NA,NA,407,407,407,NA,NA,2,Y,NA,20,51,42,N,20:51:42,31,14,56,W,31:14:56,20.8617,-31.2489,3.5,0.5,1.3,-0.2,-21,37,0.3
CPR 2730,CPR,2730,Coryphaenoides profundicolus,0.508733565,0.01,4.057838014,0.03,My_data,Discovery,Clip Top Jar,NA,C. C. profundicolus,Plastic tube,53205#3,27,NADW,19/04/1994,1994,NA,NA,NA,142,NA,NA,780,NA,NA,NA,NA,1705,1705,1705,NA,NA,2,N,NA,48,54,36,N,48:54:36,16,47,24,W,16:47:24,48.91,-16.79,3.5,0.5,1.4,-0.14,-22,35.5,0.1
CPR 333,CPR,333,Coryphaenoides profundicolus,0.355536865,0.01,3.920469381,0.02,My_data,Discovery,Box III,NA,C. profundicola,Plastic tube,51012,27,NADW,05/05/1981,1981,NA,OTSB14,39,125,NA,NA,687,NA,NA,NA,NA,1107,1107,1107,NA,NA,2,Y,NA,49,51,0,N,49:51:00,13,57,48,W,13:57:48,49.85,-13.9633,3.5,0.5,1.4,-0.14,-23,35.5,0.2
CRU 1577,CRU,1577,Coryphaenoides rupestris,-1.48287014,0.02,3.770001766,0.01,My_data,SUMIE,Blue Box,CRH4.15,C. rupestris,Tray H,Haul 4 Area 5B,27,NADW,2006,2006,NA,NA,1000,NA,NA,NA,649,NA,NA,150,NA,691,691,691,NA,NA,2,Y,IMS06,54,5,0,N,54:05:00,13,55,0,W,13:55:00,54.0833,-13.9167,3.54,0.49,1.4,-0.12,-24,35.5,0.1
CRU 1578,CRU,1578,Coryphaenoides rupestris,-2.537740696,0.01,3.262706485,0.01,My_data,SUMIE,Blue Box,CRH4.16,C. rupestris,Tray H,Haul 4 Area 5B,27,NADW,2006,2006,NA,NA,1000,NA,NA,NA,693,NA,NA,160,NA,832,832,832,NA,NA,2,Y,IMS06,54,5,0,N,54:05:00,13,55,0,W,13:55:00,54.0833,-13.9167,3.54,0.49,1.4,-0.12,-24,35.5,0.1
CRU 1582,CRU,1582,Coryphaenoides rupestris,-1.271297238,0.01,3.548618502,0.01,My_data,SUMIE,Blue Box,CRH4.20,C. rupestris,Tray H,Haul 4 Area 5B,27,NADW,2006,2006,NA,NA,1000,NA,NA,NA,693,NA,NA,160,NA,832,832,832,NA,NA,1,Y,IMS06,54,5,0,N,54:05:00,13,55,0,W,13:55:00,54.0833,-13.9167,3.54,0.49,1.4,-0.12,-24,35.5,0.1
CRU 1583,CRU,1583,Coryphaenoides rupestris,-1.664503481,0.03,3.037352221,0.03,My_data,SUMIE,Blue Box,CRH4.21,C. rupestris,Tray H,Haul 4 Area 5B,27,NADW,2006,2006,NA,NA,1000,NA,NA,NA,736,NA,NA,170,NA,990,990,990,NA,NA,1,Y,IMS06,54,5,0,N,54:05:00,13,55,0,W,13:55:00,54.0833,-13.9167,3.54,0.49,1.4,-0.12,-24,35.5,0.1
CRU 1584,CRU,1584,Coryphaenoides rupestris,-2.307206071,0.02,3.009555219,0.02,My_data,SUMIE,Blue Box,CRH4.22,C. rupestris,Tray H,Haul 4 Area 5B,27,NADW,2006,2006,NA,NA,1000,NA,NA,NA,649,NA,NA,150,NA,691,691,691,NA,NA,2,Y,IMS06,54,5,0,N,54:05:00,13,55,0,W,13:55:00,54.0833,-13.9167,3.54,0.49,1.4,-0.12,-24,35.5,0.1
CRU 1576,CRU,1576,Coryphaenoides rupestris,-1.855854636,0.02,3.458944952,0.02,My_data,SUMIE,Blue Box,CRH4.14,C. rupestris,Tray H,Haul 4 Area 5B,27,NADW,2006,2006,NA,NA,1000,NA,NA,NA,736,NA,NA,170,NA,990,990,990,NA,NA,1,Y,IMS06,54,5,0,N,54:05:00,13,55,0,W,13:55:00,54.0833,-13.9167,3.54,0.49,1.4,-0.12,-24,35.5,0.1
CRU 1575,CRU,1575,Coryphaenoides rupestris,-2.535258065,0.01,3.451981443,0.02,My_data,SUMIE,Blue Box,CRH4.13,C. rupestris,Tray H,Haul 4 Area 5B,27,NADW,2006,2006,NA,NA,1000,NA,NA,NA,823,NA,NA,190,NA,1362,1362,1362,NA,NA,1,Y,IMS06,54,5,0,N,54:05:00,13,55,0,W,13:55:00,54.0833,-13.9167,3.54,0.49,1.4,-0.12,-24,35.5,0.1
CRU 1581,CRU,1581,Coryphaenoides rupestris,-3.017415338,0.02,3.68675116,0.02,My_data,SUMIE,Blue Box,CRH4.19,C. rupestris,Tray H,Haul 4 Area 5B,27,NADW,2006,2006,NA,NA,1000,NA,NA,NA,649,NA,NA,150,NA,691,691,691,NA,NA,2,Y,IMS06,54,5,0,N,54:05:00,13,55,0,W,13:55:00,54.0833,-13.9167,3.54,0.49,1.4,-0.12,-24,35.5,0.1
C_20,CRU,C_20,Coryphaenoides rupestris,-0.664383643,0.02,2.730356204,0.02,Clives_data,Clives,NA,NA,CRU,NA,NA,27,NADW,NA,2006,NA,NA,1300,NA,NA,170,170,NA,NA,NA,990,990,990,990,NA,NA,NA,NA,NA,NA,NA,NA,NA,NA,NA,NA,NA,NA,NA,54.0833,-13.9167,3.54,0.49,1.4,-0.12,-24,35.5,0.1
C_21,CRU,C_21,Coryphaenoides rupestris,-1.266857756,0.02,3.126124663,0.02,Clives_data,Clives,NA,NA,CRU,NA,NA,27,NADW,NA,2006,NA,NA,1300,NA,NA,190,190,NA,NA,NA,1362,1362,1362,1362,NA,NA,NA,NA,NA,NA,NA,NA,NA,NA,NA,NA,NA,NA,NA,54.0833,-13.9167,3.54,0.49,1.4,-0.12,-24,35.5,0.1
C_22,CRU,C_22,Coryphaenoides rupestris,-1.170998508,0.02,2.956128135,0.02,Clives_data,Clives,NA,NA,CRU,NA,NA,27,NADW,NA,2006,NA,NA,1300,NA,NA,150,150,NA,NA,NA,691,691,691,691,NA,NA,NA,NA,NA,NA,NA,NA,NA,NA,NA,NA,NA,NA,NA,54.0833,-13.9167,3.54,0.49,1.4,-0.12,-24,35.5,0.1
C_10,CXL,C_10,Cataetyx laticeps,0.60564856,0.02,3.060510782,0.02,Clives_data,Clives,NA,NA,CXL,NA,NA,27,NADW,NA,2006,NA,NA,1500,NA,NA,700,700,NA,NA,NA,2883,2883,2883,2883,NA,NA,NA,NA,NA,NA,NA,NA,NA,NA,NA,NA,NA,NA,NA,54.0833,-13.9167,3.8,0.5,1.4,-0.12,-24,35.5,0.1
C_11,CXL,C_11,Cataetyx laticeps,0.347684065,0.02,3.554617119,0.02,Clives_data,Clives,NA,NA,CXL,NA,NA,27,NADW,NA,2006,NA,NA,1500,NA,NA,750,750,NA,NA,NA,3324,3324,3324,3324,NA,NA,NA,NA,NA,NA,NA,NA,NA,NA,NA,NA,NA,NA,NA,54.0833,-13.9167,3.8,0.5,1.4,-0.12,-24,35.5,0.1
C_12,CXL,C_12,Cataetyx laticeps,0.420530333,0.02,2.625106055,0.02,Clives_data,Clives,NA,NA,CXL,NA,NA,27,NADW,NA,2006,NA,NA,1500,NA,NA,870,870,NA,NA,NA,4588,4588,4588,4588,NA,NA,NA,NA,NA,NA,NA,NA,NA,NA,NA,NA,NA,NA,NA,54.0833,-13.9167,3.8,0.5,1.4,-0.12,-24,35.5,0.1
C_69,CXL,C_69,Cataetyx laticeps,0.32,0.02,2.78,0.02,Clives_data,Clives,NA,NA,CXL,NA,NA,27,NADW,NA,2009,NA,NA,1650,NA,NA,940,940,NA,NA,NA,6500,6500,6500,6500,NA,NA,NA,NA,NA,NA,NA,NA,NA,NA,NA,NA,NA,NA,NA,57.66,-9.92,3.8,0.5,1.4,-0.12,-24.5,35.25,0.3
C_70,CXL,C_70,Cataetyx laticeps,0.430986112,0.02,3.451307977,0.02,Clives_data,Clives,NA,NA,CXL,NA,NA,27,NADW,NA,2009,NA,NA,1650,NA,NA,910,910,NA,NA,NA,5662,5662,5662,5662,NA,NA,NA,NA,NA,NA,NA,NA,NA,NA,NA,NA,NA,NA,NA,57.66,-9.92,3.8,0.5,1.4,-0.12,-24.5,35.25,0.3
C_71,CXL,C_71,Cataetyx laticeps,0.116827264,0.02,3.551775675,0.02,Clives_data,Clives,NA,NA,CXL,NA,NA,27,NADW,NA,2009,NA,NA,1650,NA,NA,810,810,NA,NA,NA,3944,3944,3944,3944,NA,NA,NA,NA,NA,NA,NA,NA,NA,NA,NA,NA,NA,NA,NA,57.66,-9.92,3.8,0.5,1.4,-0.12,-24.5,35.25,0.3
C_72,CXL,C_72,Cataetyx laticeps,0.275238065,0.02,3.605303514,0.02,Clives_data,Clives,NA,NA,CXL,NA,NA,27,NADW,NA,2009,NA,NA,1650,NA,NA,830,830,NA,NA,NA,4500,4500,4500,4500,NA,NA,NA,NA,NA,NA,NA,NA,NA,NA,NA,NA,NA,NA,NA,57.66,-9.92,3.8,0.5,1.4,-0.12,-24.5,35.25,0.3
C_73,CXL,C_73,Cataetyx laticeps,0.609395965,0.02,3.802393268,0.02,Clives_data,Clives,NA,NA,CXL,NA,NA,27,NADW,NA,2009,NA,NA,1650,NA,NA,890,890,NA,NA,NA,4816,4816,4816,4816,NA,NA,NA,NA,NA,NA,NA,NA,NA,NA,NA,NA,NA,NA,NA,57.66,-9.92,3.8,0.5,1.4,-0.12,-24.5,35.25,0.3
C_23,ETE,C_23,Epigonus telescopus,-2.697870074,0.02,2.101708114,0.02,Clives_data,Clives,NA,NA,ETE,NA,NA,27,NADW,NA,2006,NA,NA,750,NA,NA,180,180,NA,NA,NA,57,57,57,57,NA,NA,NA,NA,NA,NA,NA,NA,NA,NA,NA,NA,NA,NA,NA,54.0833,-13.9167,3.59,0.32,1.4,-0.12,-24,35.5,0.1
C_24,ETE,C_24,Epigonus telescopus,-0.565034852,0.02,2.308967367,0.02,Clives_data,Clives,NA,NA,ETE,NA,NA,27,NADW,NA,2006,NA,NA,750,NA,NA,360,360,NA,NA,NA,508,508,508,508,NA,NA,NA,NA,NA,NA,NA,NA,NA,NA,NA,NA,NA,NA,NA,54.0833,-13.9167,3.59,0.32,1.4,-0.12,-24,35.5,0.1
C_25,ETE,C_25,Epigonus telescopus,-2.699187039,0.02,2.200264487,0.02,Clives_data,Clives,NA,NA,ETE,NA,NA,27,NADW,NA,2006,NA,NA,750,NA,NA,240,240,NA,NA,NA,141,141,141,141,NA,NA,NA,NA,NA,NA,NA,NA,NA,NA,NA,NA,NA,NA,NA,54.0833,-13.9167,3.59,0.32,1.4,-0.12,-24,35.5,0.1
C_75,ETE,C_75,Epigonus telescopus,-3.027336065,0.02,2.053635998,0.02,Clives_data,Clives,NA,NA,ETE,NA,NA,27,NADW,NA,2009,NA,NA,1000,NA,NA,460,460,NA,NA,NA,1296,1296,1296,1296,NA,NA,NA,NA,NA,NA,NA,NA,NA,NA,NA,NA,NA,NA,NA,59.1,-9.97,3.59,0.32,1.4,-0.12,-24.5,35.25,0.2
C_76,ETE,C_76,Epigonus telescopus,-3.618496318,0.02,1.906425893,0.02,Clives_data,Clives,NA,NA,ETE,NA,NA,27,NADW,NA,2009,NA,NA,1000,NA,NA,450,450,NA,NA,NA,1100,1100,1100,1100,NA,NA,NA,NA,NA,NA,NA,NA,NA,NA,NA,NA,NA,NA,NA,59.1,-9.97,3.59,0.32,1.4,-0.12,-24.5,35.25,0.2
C_77,ETE,C_77,Epigonus telescopus,-2.19,0.02,2.32,0.02,Clives_data,Clives,NA,NA,ETE,NA,NA,27,NADW,NA,2009,NA,NA,750,NA,NA,540,540,NA,NA,NA,2256,2256,2256,2256,NA,NA,NA,NA,NA,NA,NA,NA,NA,NA,NA,NA,NA,NA,NA,57.21,-9.42,3.59,0.32,1.4,-0.12,-24.5,35.25,0.3
C_78,ETE,C_78,Epigonus telescopus,-1.95,0.02,2.06,0.02,Clives_data,Clives,NA,NA,ETE,NA,NA,27,NADW,NA,2009,NA,NA,600,NA,NA,470,470,NA,NA,NA,1202,1202,1202,1202,NA,NA,NA,NA,NA,NA,NA,NA,NA,NA,NA,NA,NA,NA,NA,59.37,-10.06,3.59,0.32,1.4,-0.12,-24.5,35.25,0.1
GMO 2975,GMO,2975,Gadus morhua,-1.026851868,0.02,3.365270894,0.01,My_data,SUMIE,Bags,NA,GMO,Brown paper bag,NGE1-2015-6,27,NAT,NA,2015,NA,NA,NA,NA,590,NA,638,NA,NA,NA,NA,2597,2437,2768,NA,NA,1,Y,Broken,64,19,9,N,64:19:09,24,4,46,W,24:04:46,64.3192,-24.0794,4.09,0.179,1.4,-0.1,-24.5,35,0.1
GMO 2976,GMO,2976,Gadus morhua,-0.322583942,0.01,3.539068345,0.01,My_data,SUMIE,Bags,NA,GMO,Brown paper bag,NGE1-2015-6,27,NAT,NA,2015,NA,NA,NA,NA,660,NA,714,NA,NA,NA,NA,3681,3454,3923,NA,NA,1,Y,Broken,64,19,9,N,64:19:09,24,4,46,W,24:04:46,64.3192,-24.0794,4.09,0.179,1.4,-0.1,-24.5,35,0.1
GMO 2977,GMO,2977,Gadus morhua,-0.53276857,0.02,3.174686188,0.02,My_data,SUMIE,Bags,NA,GMO,Brown paper bag,NGE1-2015-6,27,NAT,NA,2015,NA,NA,NA,NA,700,NA,757,NA,NA,NA,NA,4413,4141,4703,NA,NA,1,Y,Broken,64,19,9,N,64:19:09,24,4,46,W,24:04:46,64.3192,-24.0794,4.09,0.179,1.4,-0.1,-24.5,35,0.1
GMO 2966,GMO,2966,Gadus morhua,-0.500892228,0.01,3.056187926,0.02,My_data,SUMIE,Bags,NA,GMO,Brown paper bag,NG1-2015-6,27,NAT,NA,2015,NA,NA,NA,NA,990,NA,1070,NA,NA,NA,NA,12901,12106,13749,NA,NA,1,Y,Broken,64,19,9,N,64:19:09,24,4,46,W,24:04:46,64.3192,-24.0794,4.09,0.179,1.4,-0.1,-24.5,35,0.1
GMO 2967,GMO,2967,Gadus morhua,-1.424310004,0.03,3.549930686,0.01,My_data,SUMIE,Bags,NA,GMO,Brown paper bag,NGE1-2015-6,27,NAT,NA,2015,NA,NA,NA,NA,980,NA,1059,NA,NA,NA,NA,12495,11724,13316,NA,NA,2,Y,Broken,64,19,9,N,64:19:09,24,4,46,W,24:04:46,64.3192,-24.0794,4.09,0.179,1.4,-0.1,-24.5,35,0.1
GMO 2968,GMO,2968,Gadus morhua,-1.329677115,0.01,3.818526748,0.01,My_data,SUMIE,Bags,NA,GMO,Brown paper bag,NG1-2015-6,27,NAT,NA,2015,NA,NA,NA,NA,910,NA,984,NA,NA,NA,NA,9950,9336,10604,NA,NA,1,Y,Broken,64,19,9,N,64:19:09,24,4,46,W,24:04:46,64.3192,-24.0794,4.09,0.179,1.4,-0.1,-24.5,35,0.1
GMO 2969,GMO,2969,Gadus morhua,-1.847667669,0.02,3.226035436,0.02,My_data,SUMIE,Bags,NA,GMO,Brown paper bag,NGE1-2015-6,27,NAT,NA,2015,NA,NA,NA,NA,920,NA,995,NA,NA,NA,NA,10299,9664,10976,NA,NA,1,Y,Broken,64,19,9,N,64:19:09,24,4,46,W,24:04:46,64.3192,-24.0794,4.09,0.179,1.4,-0.1,-24.5,35,0.1
GMO 2970,GMO,2970,Gadus morhua,-1.658401889,0.02,3.495618983,0.01,My_data,SUMIE,Bags,NA,GMO,Brown paper bag,NGE1-2015-6,27,NAT,NA,2015,NA,NA,NA,NA,1200,NA,1297,NA,NA,NA,NA,23424,21980,24963,NA,NA,1,Y,Broken,64,19,9,N,64:19:09,24,4,46,W,24:04:46,64.3192,-24.0794,4.09,0.179,1.4,-0.1,-24.5,35,0.1
GMO 2971,GMO,2971,Gadus morhua,-1.448217261,0.02,3.719778196,0.02,My_data,SUMIE,Bags,NA,GMO,Brown paper bag,NGE1-2015-6,27,NAT,NA,2015,NA,NA,NA,NA,920,NA,995,NA,NA,NA,NA,10299,9664,10976,NA,NA,1,Y,Broken,64,19,9,N,64:19:09,24,4,46,W,24:04:46,64.3192,-24.0794,4.09,0.179,1.4,-0.1,-24.5,35,0.1
GMO 2974,GMO,2974,Gadus morhua,-1.818779734,0.02,3.382058148,0.01,My_data,SUMIE,Bags,NA,GMO,Brown paper bag,NG1-2015-6,27,NAT,NA,2015,NA,NA,NA,NA,950,NA,1027,NA,NA,NA,NA,11361,10660,12107,NA,NA,1,Y,Broken,64,19,9,N,64:19:09,24,4,46,W,24:04:46,64.3192,-24.0794,4.09,0.179,1.4,-0.1,-24.5,35,0.1
C_26,HAD,C_26,Helicolenus dactylopterus,-1.830109416,0.02,2.16895115,0.02,Clives_data,Clives,NA,NA,HAD,NA,NA,27,NADW,NA,2006,NA,NA,500,NA,NA,280,280,NA,NA,NA,356,356,356,356,NA,NA,NA,NA,NA,NA,NA,NA,NA,NA,NA,NA,NA,NA,NA,54.0833,-13.9167,3.8,0.58,1.4,-0.12,-24,35.5,0.1
C_27,HAD,C_27,Helicolenus dactylopterus,-3.409735368,0.02,1.609132824,0.02,Clives_data,Clives,NA,NA,HAD,NA,NA,27,NADW,NA,2006,NA,NA,500,NA,NA,260,260,NA,NA,NA,259,259,259,259,NA,NA,NA,NA,NA,NA,NA,NA,NA,NA,NA,NA,NA,NA,NA,54.0833,-13.9167,3.8,0.58,1.4,-0.12,-24,35.5,0.1
C_28,HAD,C_28,Helicolenus dactylopterus,-3.224157902,0.02,1.445585644,0.02,Clives_data,Clives,NA,NA,HAD,NA,NA,27,NADW,NA,2006,NA,NA,500,NA,NA,210,210,NA,NA,NA,132,132,132,132,NA,NA,NA,NA,NA,NA,NA,NA,NA,NA,NA,NA,NA,NA,NA,54.0833,-13.9167,3.8,0.58,1.4,-0.12,-24,35.5,0.1
C_83,HAD,C_83,Helicolenus dactylopterus,-2.585752859,0.02,2.243578513,0.02,Clives_data,Clives,NA,NA,HAD,NA,NA,27,NADW,NA,2009,NA,NA,680,NA,NA,290,290,NA,NA,NA,392,392,392,392,NA,NA,NA,NA,NA,NA,NA,NA,NA,NA,NA,NA,NA,NA,NA,56.93,-13.47,3.8,0.58,1.4,-0.12,-24.5,35.25,0.1
C_84,HAD,C_84,Helicolenus dactylopterus,-3.49,0.02,1.93,0.02,Clives_data,Clives,NA,NA,HAD,NA,NA,27,NADW,NA,2009,NA,NA,680,NA,NA,290,290,NA,NA,NA,422,422,422,422,NA,NA,NA,NA,NA,NA,NA,NA,NA,NA,NA,NA,NA,NA,NA,56.93,-13.47,3.8,0.58,1.4,-0.12,-24.5,35.25,0.1
C_85,HAD,C_85,Helicolenus dactylopterus,-2.083040505,0.02,2.228465007,0.02,Clives_data,Clives,NA,NA,HAD,NA,NA,27,NADW,NA,2009,NA,NA,680,NA,NA,350,350,NA,NA,NA,674,674,674,674,NA,NA,NA,NA,NA,NA,NA,NA,NA,NA,NA,NA,NA,NA,NA,56.93,-13.47,3.8,0.58,1.4,-0.12,-24.5,35.25,0.1
C_86,HAD,C_86,Helicolenus dactylopterus,-2.34,0.02,1.87,0.02,Clives_data,Clives,NA,NA,HAD,NA,NA,27,NADW,NA,2009,NA,NA,680,NA,NA,350,350,NA,NA,NA,716,716,716,716,NA,NA,NA,NA,NA,NA,NA,NA,NA,NA,NA,NA,NA,NA,NA,56.93,-13.47,3.8,0.58,1.4,-0.12,-24.5,35.25,0.1
C_87,HAD,C_87,Helicolenus dactylopterus,1.01,0.02,3.37,0.02,Clives_data,Clives,NA,NA,HAD,NA,NA,27,NADW,NA,2009,NA,NA,680,NA,NA,290,290,NA,NA,NA,356,356,356,356,NA,NA,NA,NA,NA,NA,NA,NA,NA,NA,NA,NA,NA,NA,NA,56.93,-13.47,3.8,0.58,1.4,-0.12,-24.5,35.25,0.1
C_29,HAT,C_29,Hoplostethus atlanticus,-0.377,0.02,2.605,0.02,Clives_data,Clives,NA,NA,HAT,NA,NA,27,NADW,NA,2006,NA,NA,1500,NA,NA,200,200,NA,NA,NA,281,281,281,281,NA,NA,NA,NA,NA,NA,NA,NA,NA,NA,NA,NA,NA,NA,NA,54.0833,-13.9167,4.25,0.122,1.4,-0.12,-24,35.5,0.1
C_88,HAT,C_88,Hoplostethus atlanticus,-0.39,0.02,2.63,0.02,Clives_data,Clives,NA,NA,HAT,NA,NA,27,NADW,NA,2009,NA,NA,NA,NA,NA,590,590,NA,NA,NA,4744,4744,4744,4744,NA,NA,NA,NA,NA,NA,NA,NA,NA,NA,NA,NA,NA,NA,NA,54.95,-10.56,4.25,0.122,1.4,-0.12,-24.5,35.25,0.2
C_89,HAT,C_89,Hoplostethus atlanticus,-0.674891479,0.02,2.307768994,0.02,Clives_data,Clives,NA,NA,HAT,NA,NA,27,NADW,NA,2009,NA,NA,NA,NA,NA,600,600,NA,NA,NA,4764,4764,4764,4764,NA,NA,NA,NA,NA,NA,NA,NA,NA,NA,NA,NA,NA,NA,NA,54.95,-10.56,4.25,0.122,1.4,-0.12,-24.5,35.25,0.2
C_90,HAT,C_90,Hoplostethus atlanticus,-0.191055304,0.02,2.525884506,0.02,Clives_data,Clives,NA,NA,HAT,NA,NA,27,NADW,NA,2009,NA,NA,NA,NA,NA,620,620,NA,NA,NA,4292,4292,4292,4292,NA,NA,NA,NA,NA,NA,NA,NA,NA,NA,NA,NA,NA,NA,NA,54.95,-10.56,4.25,0.122,1.4,-0.12,-24.5,35.25,0.2
C_91,HAT,C_91,Hoplostethus atlanticus,0.14,0.02,2.42,0.02,Clives_data,Clives,NA,NA,HAT,NA,NA,27,NADW,NA,2009,NA,NA,NA,NA,NA,620,620,NA,NA,NA,4560,4560,4560,4560,NA,NA,NA,NA,NA,NA,NA,NA,NA,NA,NA,NA,NA,NA,NA,54.95,-10.56,4.25,0.122,1.4,-0.12,-24.5,35.25,0.2
C_92,HAT,C_92,Hoplostethus atlanticus,-0.71,0.02,2.56,0.02,Clives_data,Clives,NA,NA,HAT,NA,NA,27,NADW,NA,2009,NA,NA,NA,NA,NA,640,640,NA,NA,NA,5546,5546,5546,5546,NA,NA,NA,NA,NA,NA,NA,NA,NA,NA,NA,NA,NA,NA,NA,54.95,-10.56,4.25,0.122,1.4,-0.12,-24.5,35.25,0.2
C_79,HJO,C_79,Halargyreus johnsonii,-3.735444508,0.02,2.333805724,0.02,Clives_data,Clives,NA,NA,HJO,NA,NA,27,NADW,NA,2009,NA,NA,1000,NA,NA,280,280,NA,NA,NA,113,113,113,113,NA,NA,NA,NA,NA,NA,NA,NA,NA,NA,NA,NA,NA,NA,NA,57.65,-9.73,3.38,0.47,1.4,-0.12,-24.5,35.25,0.3
C_80,HJO,C_80,Halargyreus johnsonii,-2.760685511,0.02,2.413951247,0.02,Clives_data,Clives,NA,NA,HJO,NA,NA,27,NADW,NA,2009,NA,NA,1000,NA,NA,260,260,NA,NA,NA,113,113,113,113,NA,NA,NA,NA,NA,NA,NA,NA,NA,NA,NA,NA,NA,NA,NA,57.65,-9.73,3.38,0.47,1.4,-0.12,-24.5,35.25,0.3
C_81,HJO,C_81,Halargyreus johnsonii,-3.004604174,0.02,1.631118979,0.02,Clives_data,Clives,NA,NA,HJO,NA,NA,27,NADW,NA,2009,NA,NA,1000,NA,NA,240,240,NA,NA,NA,69,69,69,69,NA,NA,NA,NA,NA,NA,NA,NA,NA,NA,NA,NA,NA,NA,NA,57.65,-9.73,3.38,0.47,1.4,-0.12,-24.5,35.25,0.3
C_82,HJO,C_82,Halargyreus johnsonii,-3.24,0.02,1.54,0.02,Clives_data,Clives,NA,NA,HJO,NA,NA,27,NADW,NA,2009,NA,NA,760,NA,NA,210,210,NA,NA,NA,52,52,52,52,NA,NA,NA,NA,NA,NA,NA,NA,NA,NA,NA,NA,NA,NA,NA,57.57,-9.77,3.38,0.47,1.4,-0.12,-24.5,35.25,0.3
LEQ 1623,LEQ,1623,Lepidion eques,-0.021874872,0.01,2.484071288,0.02,My_data,SUMIE,Blue Box,LEH9-1,Lepidon equs,Tray ,Haul 9 5A,27,NADW,2006,2006,NA,NA,750,NA,NA,300,NA,NA,NA,NA,NA,152.49,145.76,159.53,NA,NA,1,Y,NA,54,5,0,N,54:05:00,13,55,0,W,13:55:00,54.0833,-13.9167,3.24,0.37,1.4,-0.12,-24,35.5,0.1
LEQ 1624,LEQ,1624,Lepidion eques,-1.139906417,0.02,2.324803308,0.02,My_data,SUMIE,Blue Box,LEH9-2,Lepidon equs,Tray ,Haul 9 5A,27,NADW,2006,2006,NA,NA,750,NA,NA,250,NA,NA,NA,NA,NA,79.97,76.45,83.67,NA,NA,1,Y,NA,54,5,0,N,54:05:00,13,55,0,W,13:55:00,54.0833,-13.9167,3.24,0.37,1.4,-0.12,-24,35.5,0.1
LEQ 1625,LEQ,1625,Lepidion eques,-1.194691991,0.01,2.215306572,0.02,My_data,SUMIE,Blue Box,LEH9-3,Lepidon equs,Tray ,Haul 9 5A,27,NADW,2006,2006,NA,NA,750,NA,NA,310,NA,NA,NA,NA,NA,171.26,163.71,179.17,NA,NA,1,Y,NA,54,5,0,N,54:05:00,13,55,0,W,13:55:00,54.0833,-13.9167,3.24,0.37,1.4,-0.12,-24,35.5,0.1
LEQ 1627,LEQ,1627,Lepidion eques,-0.672199936,0.01,2.482080438,0.02,My_data,SUMIE,Blue Box,LEH9-5,Lepidon equs,Tray ,Haul 9 5A,27,NADW,2006,2006,NA,NA,750,NA,NA,330,NA,NA,NA,NA,NA,213.69,204.26,223.55,NA,NA,1,Y,NA,54,5,0,N,54:05:00,13,55,0,W,13:55:00,54.0833,-13.9167,3.24,0.37,1.4,-0.12,-24,35.5,0.1
LEQ 1628,LEQ,1628,Lepidion eques,-1.432096149,0.01,2.22924252,0.01,My_data,SUMIE,Blue Box,LEH9-6,Lepidon equs,Tray ,Haul 9 5A,27,NADW,2006,2006,NA,NA,750,NA,NA,250,NA,NA,NA,NA,NA,79.97,76.45,83.67,NA,NA,1,Y,NA,54,5,0,N,54:05:00,13,55,0,W,13:55:00,54.0833,-13.9167,3.24,0.37,1.4,-0.12,-24,35.5,0.1
LEQ 1630,LEQ,1630,Lepidion eques,-0.855833066,0.01,2.422354946,0.02,My_data,SUMIE,Blue Box,LEH9-8,Lepidon equs,Tray ,Haul 9 5A,27,NADW,2006,2006,NA,NA,750,NA,NA,310,NA,NA,NA,NA,NA,171.26,163.71,179.17,NA,NA,1,Y,NA,54,5,0,N,54:05:00,13,55,0,W,13:55:00,54.0833,-13.9167,3.24,0.37,1.4,-0.12,-24,35.5,0.1
LEQ 1632,LEQ,1632,Lepidion eques,-0.396242967,0.01,2.527869982,0.03,My_data,SUMIE,Blue Box,LEH9-10,Lepidon equs,Tray ,Haul 9 5A,27,NADW,2006,2006,NA,NA,750,NA,NA,290,NA,NA,NA,NA,NA,135.25,129.28,141.49,NA,NA,1,Y,NA,54,5,0,N,54:05:00,13,55,0,W,13:55:00,54.0833,-13.9167,3.24,0.37,1.4,-0.12,-24,35.5,0.1
LEQ 460,LEQ,460,Lepidion eques,-0.102024139,0.01,2.683156263,0.02,My_data,Discovery,S-Jars,NA,Lepidion eques,Plastic bag,50606#2,27,NAT,06/07/1979,1979,NA,OTSB14,11,NA,315,NA,338.71,NA,NA,NA,NA,232.6,222.33,243.34,NA,NA,2,Y,NA,50,40,48,N,50:40:48,14,4,6,W,14:04:06,50.68,-14.0683,3.24,0.37,1.4,-0.14,-23,35.5,0.2
LEQ 1629,LEQ,1629,Lepidion eques,-0.215,0.02,2.138,0.02,My_data,SUMIE,Blue Box,LEH9-7,Lepidon equs,Tray ,Haul 9 5A,27,NADW,2006,2006,NA,NA,750,NA,NA,280,NA,NA,NA,NA,NA,119.45,114.18,124.96,NA,NA,1,Y,NA,54,5,0,N,54:05:00,13,55,0,W,13:55:00,54.0833,-13.9167,3.24,0.37,1.4,-0.12,-24,35.5,0.1
LEQ 1626,LEQ,1626,Lepidion eques,-0.393,0.02,2.152,0.02,My_data,SUMIE,Blue Box,LEH9-4,Lepidon equs,Tray ,Haul 9 5A,27,NADW,2006,2006,NA,NA,750,NA,NA,290,NA,NA,NA,NA,NA,135.25,129.28,141.49,NA,NA,1,Y,NA,54,5,0,N,54:05:00,13,55,0,W,13:55:00,54.0833,-13.9167,3.24,0.37,1.4,-0.12,-24,35.5,0.1
C_30,LEQ,C_30,Lepidion eques,-0.763954734,0.02,1.729070328,0.02,Clives_data,Clives,NA,NA,LEQ,NA,NA,27,NADW,NA,2006,NA,NA,750,NA,NA,300,300,NA,NA,NA,153,153,153,153,NA,NA,NA,NA,NA,NA,NA,NA,NA,NA,NA,NA,NA,NA,NA,54.0833,-13.9167,3.24,0.37,1.4,-0.12,-24,35.5,0.1
C_31,LEQ,C_31,Lepidion eques,0.393,0.02,2.152,0.02,Clives_data,Clives,NA,NA,LEQ,NA,NA,27,NADW,NA,2006,NA,NA,750,NA,NA,290,290,NA,NA,NA,135,135,135,135,NA,NA,NA,NA,NA,NA,NA,NA,NA,NA,NA,NA,NA,NA,NA,54.0833,-13.9167,3.24,0.37,1.4,-0.12,-24,35.5,0.1
C_32,LEQ,C_32,Lepidion eques,-0.21533549,0.02,2.13846088,0.02,Clives_data,Clives,NA,NA,LEQ,NA,NA,27,NADW,NA,2006,NA,NA,750,NA,NA,280,280,NA,NA,NA,120,120,120,120,NA,NA,NA,NA,NA,NA,NA,NA,NA,NA,NA,NA,NA,NA,NA,54.0833,-13.9167,3.24,0.37,1.4,-0.12,-24,35.5,0.1
C_33,LEQ,C_33,Lepidion eques,-0.339,0.02,2.266,0.02,Clives_data,Clives,NA,NA,LEQ,NA,NA,27,NADW,NA,2006,NA,NA,750,NA,NA,330,330,NA,NA,NA,214,214,214,214,NA,NA,NA,NA,NA,NA,NA,NA,NA,NA,NA,NA,NA,NA,NA,54.0833,-13.9167,3.24,0.37,1.4,-0.12,-24,35.5,0.1
C_93,LEQ,C_93,Lepidion eques,-0.424923932,0.02,2.415101885,0.02,Clives_data,Clives,NA,NA,LEQ,NA,NA,27,NADW,NA,2009,NA,NA,1000,NA,NA,320,320,NA,NA,NA,190,190,190,190,NA,NA,NA,NA,NA,NA,NA,NA,NA,NA,NA,NA,NA,NA,NA,57.65,-9.73,3.24,0.37,1.4,-0.12,-24.5,35.25,0.3
C_94,LEQ,C_94,Lepidion eques,-0.30398466,0.02,2.24183717,0.02,Clives_data,Clives,NA,NA,LEQ,NA,NA,27,NADW,NA,2009,NA,NA,1000,NA,NA,310,310,NA,NA,NA,202,202,202,202,NA,NA,NA,NA,NA,NA,NA,NA,NA,NA,NA,NA,NA,NA,NA,57.65,-9.73,3.24,0.37,1.4,-0.12,-24.5,35.25,0.3
C_95,LEQ,C_95,Lepidion eques,-1.25,0.02,1.76,0.02,Clives_data,Clives,NA,NA,LEQ,NA,NA,27,NADW,NA,2009,NA,NA,1000,NA,NA,320,320,NA,NA,NA,195,195,195,195,NA,NA,NA,NA,NA,NA,NA,NA,NA,NA,NA,NA,NA,NA,NA,57.65,-9.73,3.24,0.37,1.4,-0.12,-24.5,35.25,0.3
C_96,LEQ,C_96,Lepidion eques,-0.475876329,0.02,2.23254149,0.02,Clives_data,Clives,NA,NA,LEQ,NA,NA,27,NADW,NA,2009,NA,NA,1000,NA,NA,400,400,NA,NA,NA,442,442,442,442,NA,NA,NA,NA,NA,NA,NA,NA,NA,NA,NA,NA,NA,NA,NA,58.63,-8.81,3.24,0.37,1.4,-0.12,-24.5,35.25,0.3
C_97,LEQ,C_97,Lepidion eques,-0.58,0.02,1.55,0.02,Clives_data,Clives,NA,NA,LEQ,NA,NA,27,NADW,NA,2009,NA,NA,1000,NA,NA,390,390,NA,NA,NA,336,336,336,336,NA,NA,NA,NA,NA,NA,NA,NA,NA,NA,NA,NA,NA,NA,NA,58.63,-8.81,3.24,0.37,1.4,-0.12,-24.5,35.25,0.3
MDY 1755,MDY,1755,Molva dypterygia,-1.624737927,0.02,2.931707877,0.02,My_data,SUMIE,Ming Tsung Box,NA,BLI,Brown paper bag,509085. 230,27,NAT,24/07/2008,2008,NA,NA,NA,NA,NA,850,850,NA,NA,NA,NA,2402,1222,4721,NA,NA,2,Y,NA,54,5,0,N,54:05:00,13,55,0,W,13:55:00,54.0833,-13.9167,4.49,0.562,1.4,-0.12,-24,35.5,0.1
MDY 1757,MDY,1757,Molva dypterygia,-1.505194801,0.02,3.063019752,0.03,My_data,SUMIE,Ming Tsung Box,NA,BLI,Brown paper bag,509085. 230,27,NAT,24/07/2008,2008,NA,NA,NA,NA,NA,920,920,NA,NA,NA,NA,3080,1567,6052,NA,NA,2,Y,NA,54,5,0,N,54:05:00,13,55,0,W,13:55:00,54.0833,-13.9167,4.49,0.562,1.4,-0.12,-24,35.5,0.1
MDY 1767,MDY,1767,Molva dypterygia,-1.533088197,0.01,3.287841599,0.02,My_data,SUMIE,Ming Tsung Box,NA,BLI,Brown paper bag,509085. 243,27,NAT,24/07/2008,2008,NA,NA,NA,NA,NA,1020,1020,NA,NA,NA,NA,4258,2167,8368,NA,NA,2,Y,H243,54,5,0,N,54:05:00,13,55,0,W,13:55:00,54.0833,-13.9167,4.49,0.562,1.4,-0.12,-24,35.5,0.1
MDY 1764,MDY,1764,Molva dypterygia,-1.661597057,0.01,3.098832082,0.02,My_data,SUMIE,Ming Tsung Box,NA,BLI,Brown paper bag,509085. 230,27,NAT,24/07/2008,2008,NA,NA,NA,NA,NA,970,970,NA,NA,NA,NA,3636,1850,7147,NA,NA,2,Y,Broken,54,5,0,N,54:05:00,13,55,0,W,13:55:00,54.0833,-13.9167,4.49,0.562,1.4,-0.12,-24,35.5,0.1
MDY 1761,MDY,1761,Molva dypterygia,-2.038157902,0.02,2.96950978,0.02,My_data,SUMIE,Ming Tsung Box,NA,BLI,Brown paper bag,509085. 230,27,NAT,24/07/2008,2008,NA,NA,NA,NA,NA,960,960,NA,NA,NA,NA,3520,1791,6918,NA,NA,2,Y,One broken,54,5,0,N,54:05:00,13,55,0,W,13:55:00,54.0833,-13.9167,4.49,0.562,1.4,-0.12,-24,35.5,0.1
MDY 1762,MDY,1762,Molva dypterygia,-2.274255575,0.02,2.920765221,0.01,My_data,SUMIE,Ming Tsung Box,NA,BLI,Brown paper bag,509085. 230,27,NAT,24/07/2008,2008,NA,NA,NA,NA,NA,820,820,NA,NA,NA,NA,2146,1092,4217,NA,NA,2,Y,243,54,5,0,N,54:05:00,13,55,0,W,13:55:00,54.0833,-13.9167,4.49,0.562,1.4,-0.12,-24,35.5,0.1
MDY 1752,MDY,1752,Molva dypterygia,-1.20334841,0.01,3.001342962,0.02,My_data,SUMIE,Ming Tsung Box,NA,BLI,Brown paper bag,509085. 230,27,NAT,24/07/2008,2008,NA,NA,NA,NA,NA,830,830,NA,NA,NA,NA,2229,1134,4381,NA,NA,2,Y,One broken,54,5,0,N,54:05:00,13,55,0,W,13:55:00,54.0833,-13.9167,4.49,0.562,1.4,-0.12,-24,35.5,0.1
MDY 1763,MDY,1763,Molva dypterygia,-2.857028311,0.02,3.097837295,0.02,My_data,SUMIE,Ming Tsung Box,NA,BLI,Brown paper bag,509085. 230,27,NAT,24/07/2008,2008,NA,NA,NA,NA,NA,970,970,NA,NA,NA,NA,3636,1850,7147,NA,NA,2,Y,NA,54,5,0,N,54:05:00,13,55,0,W,13:55:00,54.0833,-13.9167,4.49,0.562,1.4,-0.12,-24,35.5,0.1
MDY 1770,MDY,1770,Molva dypterygia,-0.885400601,0.02,3.236897776,0.01,My_data,SUMIE,Ming Tsung Box,NA,BLI,Brown paper bag,509085. 230,27,NADW,24/07/2008,2008,NA,NA,NA,NA,NA,1060,1060,NA,NA,NA,5500,5500,5500,5500,NA,NA,2,Y,Broken,54,5,0,N,54:05:00,13,55,0,W,13:55:00,54.0833,-13.9167,4.49,0.562,1.4,-0.12,-24,35.5,0.1
MDY 1726,MDY,1726,Molva dypterygia,-1.130449979,0.03,2.676993486,0.02,My_data,SUMIE,Ming Tsung Box,NA,BLI,Brown paper bag,507/411,27,NADW,2009,2009,NA,NA,NA,NA,NA,1210,1210,NA,NA,NA,NA,7281,3705,14308,NA,NA,1,Y,NA,54,5,0,N,54:05:00,13,55,0,W,13:55:00,54.0833,-13.9167,4.49,0.562,1.4,-0.12,-24,35.5,0.1
C_98,MDY,C_98,Molva dypterygia,-2.694800899,0.02,2.402544578,0.02,Clives_data,Clives,NA,NA,MDY,NA,NA,27,NADW,NA,2009,NA,NA,1000,NA,NA,1200,1200,NA,NA,NA,8175,8175,8175,8175,NA,NA,NA,NA,NA,NA,NA,NA,NA,NA,NA,NA,NA,NA,NA,56.24,-9.34,4.49,0.562,1.4,-0.12,-24.5,35.25,0.3
C_99,MDY,C_99,Molva dypterygia,-1.453725259,0.02,2.60762619,0.02,Clives_data,Clives,NA,NA,MDY,NA,NA,27,NADW,NA,2009,NA,NA,1000,NA,NA,880,880,NA,NA,NA,3092,3092,3092,3092,NA,NA,NA,NA,NA,NA,NA,NA,NA,NA,NA,NA,NA,NA,NA,56.24,-9.34,4.49,0.562,1.4,-0.12,-24.5,35.25,0.3
C_100,MDY,C_100,Molva dypterygia,-2.779251171,0.02,2.778151316,0.02,Clives_data,Clives,NA,NA,MDY,NA,NA,27,NADW,NA,2009,NA,NA,1000,NA,NA,970,970,NA,NA,NA,4390,4390,4390,4390,NA,NA,NA,NA,NA,NA,NA,NA,NA,NA,NA,NA,NA,NA,NA,56.24,-9.34,4.49,0.562,1.4,-0.12,-24.5,35.25,0.3
C_101,MDY,C_101,Molva dypterygia,-1.529725728,0.02,2.408126707,0.02,Clives_data,Clives,NA,NA,MDY,NA,NA,27,NADW,NA,2009,NA,NA,820,NA,NA,1170,1170,NA,NA,NA,5600,5600,5600,5600,NA,NA,NA,NA,NA,NA,NA,NA,NA,NA,NA,NA,NA,NA,NA,59.43,-10.13,4.49,0.562,1.4,-0.12,-24.5,35.25,0.1
MLA 349,MLA,349,Malacocephalus laevis,-1.18143217,0.01,1.856343201,0.02,My_data,Discovery,Box III,NA,M. laevis,Plastic tube,NA,27,NADW,24/02/1982,1982,NA,OTSB14,NA,43,NA,NA,297,NA,NA,NA,NA,693,70,6851,NA,NA,2,Y,NA,49,27,42,N,49:27:42,11,17,30,W,11:17:30,49.4617,-11.2917,3.79,0.56,1.4,-0.14,-23,35.5,0.2
MLA 345,MLA,345,Malacocephalus laevis,-1.296990525,0.01,2.14881056,0.02,My_data,Discovery,Box III,NA,M. laevis,Plastic tube,NA,27,NADW,24/02/1982,1982,NA,OTSB14,NA,40,NA,NA,276,NA,NA,NA,NA,558,56,5522,NA,NA,2,Y,NA,49,27,42,N,49:27:42,11,17,30,W,11:17:30,49.4617,-11.2917,3.79,0.56,1.4,-0.14,-23,35.5,0.2
MLA 348,MLA,348,Malacocephalus laevis,-0.982193628,0.02,2.35970539,0.02,My_data,Discovery,Box III,NA,M. laevis,Plastic tube,NA,27,NADW,24/02/1982,1982,NA,OTSB14,685,64,NA,NA,441,NA,NA,NA,NA,2214,224,21902,NA,NA,2,Y,NA,49,23,12,N,49:23:12,11,34,12,W,11:34:12,49.3867,-11.57,3.79,0.56,1.4,-0.14,-23,35.5,0.2
MLA 344,MLA,344,Malacocephalus laevis,-0.319725474,0.02,2.418397819,0.02,My_data,Discovery,Box III,NA,M. laevis,Plastic tube,NA,27,NADW,24/02/1982,1982,NA,OTSB14,685,69,NA,NA,476,NA,NA,NA,NA,2771,280,27415,NA,NA,2,Y,NA,49,23,12,N,49:23:12,11,34,12,W,11:34:12,49.3867,-11.57,3.79,0.56,1.4,-0.14,-23,35.5,0.2
MLA 1089,MLA,1089,Malacocephalus laevis,-1.867808949,0.02,2.379601129,0.02,My_data,Discovery,Black topped jars,NA,Malacocephalus laevis,Plastic bag,NA,47,NAT,02/04/1939,1939,NA,TYFB,270-0,49,NA,NA,338,NA,NA,NA,NA,1013,102,10020,NA,NA,2,Y,V. Stn. 2631,19,51,54,S,19:51:54,10,9,54,E,10:09:54,-19.865,10.165,3.79,0.56,1.8,-0.14,-19.5,35.75,0.4
MLA 1088,MLA,1088,Malacocephalus laevis,-2.060840704,0.02,1.923542035,0.02,My_data,Discovery,Black topped jars,NA,Malacocephalus laevis,Plastic bag,NA,47,SP,02/04/1939,1939,NA,TYFB,270-0,49,NA,NA,338,NA,NA,NA,NA,1013,102,10020,NA,NA,2,Y,V. Stn. 2631,19,51,54,S,19:51:54,10,9,54,E,10:09:54,-19.865,10.165,3.79,0.56,1.8,-0.14,-19.5,35.75,0.4
MLA 1086,MLA,1086,Malacocephalus laevis,-0.998960069,0.02,2.160538559,0.02,My_data,Discovery,Black topped jars,NA,Malacocephalus laevis,Plastic bag,NA,34,TP,19/05/1939,1939,NA,N 50 V,100-0,60,NA,NA,414,NA,NA,NA,NA,1839,186,18189,NA,NA,2,Y,NA,3,39,12,N,03:39:12,12,9,36,W,12:09:36,3.6533,-12.16,3.79,0.56,1.5,-0.18,-19,34.5,0.4
MME 2980,MME,2980,Merluccius merluccius,-2.066251429,0.02,2.888243572,0.02,My_data,Juliet,NA,NA,Hake,Plastic bag,NA,37,M,20/06/2018,2018,NA,NA,NA,NA,NA,250,NA,NA,NA,NA,NA,111.6,111.6,111.6,NA,NA,2,Y,NA,39,14,54,N,39:14:54,2,29,35,E,02:29:35,39.2483,2.4931,4.42,0,1.7,-0.08,-23,35.5,0.4
MME 2981,MME,2981,Merluccius merluccius,-1.609874286,0.02,2.942126135,0.02,My_data,Juliet,NA,NA,Hake,Plastic bag,NA,37,M,20/06/2018,2018,NA,NA,NA,NA,NA,265,NA,NA,NA,NA,NA,133.92,133.92,133.92,NA,NA,2,Y,NA,39,14,54,N,39:14:54,2,29,35,E,02:29:35,39.2483,2.4931,4.42,0,1.7,-0.08,-23,35.5,0.4
MME 2984,MME,2984,Merluccius merluccius,-1.032194286,0.03,2.915184854,0.01,My_data,Juliet,NA,NA,Hake,Plastic bag,NA,37,M,20/06/2018,2018,NA,NA,NA,NA,NA,225,NA,NA,NA,NA,NA,80.25,80.25,80.25,NA,NA,2,Y,NA,39,14,54,N,39:14:54,2,29,35,E,02:29:35,39.2483,2.4931,4.42,0,1.7,-0.08,-23,35.5,0.4
MME 2985,MME,2985,Merluccius merluccius,-1.117702857,0.02,2.940130485,0.02,My_data,Juliet,NA,NA,Hake,Plastic bag,NA,37,M,20/06/2018,2018,NA,NA,NA,NA,NA,235,NA,NA,NA,NA,NA,91.95,91.95,91.95,NA,NA,2,Y,NA,39,14,54,N,39:14:54,2,29,35,E,02:29:35,39.2483,2.4931,4.42,0,1.7,-0.08,-23,35.5,0.4
MME 2986,MME,2986,Merluccius merluccius,-0.611611429,0.01,2.905206601,0.02,My_data,Juliet,NA,NA,Hake,Plastic bag,NA,37,M,20/06/2018,2018,NA,NA,NA,NA,NA,265,NA,NA,NA,NA,NA,133.92,133.92,133.92,NA,NA,2,Y,NA,39,14,54,N,39:14:54,2,29,35,E,02:29:35,39.2483,2.4931,4.42,0,1.7,-0.08,-23,35.5,0.4
MME 2987,MME,2987,Merluccius merluccius,-1.745097143,0.02,2.699654599,0.01,My_data,Juliet,NA,NA,Hake,Plastic bag,NA,37,M,20/06/2018,2018,NA,NA,NA,NA,NA,255,NA,NA,NA,NA,NA,118.73,118.73,118.73,NA,NA,2,Y,NA,39,14,54,N,39:14:54,2,29,35,E,02:29:35,39.2483,2.4931,4.42,0,1.7,-0.08,-23,35.5,0.4
MME 2983,MME,2983,Merluccius merluccius,-2.002617143,0.02,2.785467571,0.02,My_data,Juliet,NA,NA,Hake,Plastic bag,NA,37,M,20/06/2018,2018,NA,NA,NA,NA,NA,230,NA,NA,NA,NA,NA,85.96,85.96,85.96,NA,NA,2,Y,NA,39,14,54,N,39:14:54,2,29,35,E,02:29:35,39.2483,2.4931,4.42,0,1.7,-0.08,-23,35.5,0.4
MME 2982,MME,2982,Merluccius merluccius,-2.314822857,0.02,2.810413202,0.01,My_data,Juliet,NA,NA,Hake,Plastic bag,NA,37,M,20/06/2018,2018,NA,NA,NA,NA,NA,275,NA,NA,NA,NA,NA,150.39,150.39,150.39,NA,NA,2,Y,NA,39,14,54,N,39:14:54,2,29,35,E,02:29:35,39.2483,2.4931,4.42,0,1.7,-0.08,-23,35.5,0.4
MME 2978,MME,2978,Merluccius merluccius,-1.269908974,0.01,2.716492907,0.02,My_data,Juliet,NA,NA,Hake,Plastic bag,NA,37,M,20/06/2018,2018,NA,NA,NA,NA,NA,240,NA,NA,NA,NA,NA,98.21,98.21,98.21,NA,NA,2,Y,NA,39,14,54,N,39:14:54,2,29,35,E,02:29:35,39.2483,2.4931,4.42,0,1.7,-0.08,-23,35.5,0.4
MME 2979,MME,2979,Merluccius merluccius,-1.88651696,0.01,2.860665793,0.02,My_data,Juliet,NA,NA,Hake,Plastic bag,NA,37,M,20/06/2018,2018,NA,NA,NA,NA,NA,265,NA,NA,NA,NA,NA,133.92,133.92,133.92,NA,NA,2,Y,NA,39,14,54,N,39:14:54,2,29,35,E,02:29:35,39.2483,2.4931,4.42,0,1.7,-0.08,-23,35.5,0.4
MMO 1303,MMO,1303,Mora moro,-2.086740232,0.01,2.525908202,0.01,My_data,SUMIE,Waitrose,83,M. moro,Two brown paper envelopes,H1,27,NADW,2006/09,2009,NA,NA,1000,NA,480,NA,NA,NA,NA,NA,1138,1138,1138,1138,NA,NA,2,Y,083. One broken,57,6,0,N,57:06:00,12,4,0,W,12:04:00,57.1,-12.0667,3.75,0.55,1.4,-0.12,-24,35.5,0.1
MMO 1304,MMO,1304,Mora moro,-1.383468441,0.03,2.649343892,0.01,My_data,SUMIE,Waitrose,81,M. moro,Two brown paper envelopes,H1,27,NADW,2006/09,2009,NA,NA,1000,NA,590,NA,NA,NA,NA,NA,1946,1946,1946,1946,NA,NA,2,Y,81,57,6,0,N,57:06:00,12,4,0,W,12:04:00,57.1,-12.0667,3.75,0.55,1.4,-0.12,-24,35.5,0.1
MMO 1305,MMO,1305,Mora moro,-1.576718763,0.01,2.906090127,0.01,My_data,SUMIE,Waitrose,79,M. moro,Two brown paper envelopes,H1,27,NADW,2006/09,2009,NA,NA,1000,NA,550,NA,NA,NA,NA,NA,1569,1569,1569,1569,NA,NA,2,Y,79,57,6,0,N,57:06:00,12,4,0,W,12:04:00,57.1,-12.0667,3.75,0.55,1.4,-0.12,-24,35.5,0.1
MMO 1306,MMO,1306,Mora moro,-1.669359382,0.02,2.562445166,0.02,My_data,SUMIE,Waitrose,80,M. moro,Two brown paper envelopes,H1,27,NADW,2006/09,2009,NA,NA,1000,NA,500,NA,NA,NA,NA,NA,1243,1243,1243,1243,NA,NA,1,Y,80,57,6,0,N,57:06:00,12,4,0,W,12:04:00,57.1,-12.0667,3.75,0.55,1.4,-0.12,-24,35.5,0.1
MMO 1062,MMO,1062,Mora moro,-0.859501073,0.02,2.650331377,0.02,My_data,Discovery,Black topped jars,NA,Mora moro,Plastic bag,2668,37,NADW,18-19/08/50,1950,NA,XSR,NA,NA,490,NA,545,NA,NA,NA,NA,1717,1286,2291,NA,NA,2,Y,NA,37,25,0,N,37:25:00,5,15,0,E,05:15:00,37.4167,5.25,3.75,0.55,1.7,-0.08,-24.5,35.75,0.4
MMO 1060,MMO,1060,Mora moro,-0.40127866,0.01,2.812279003,0.01,My_data,Discovery,Black topped jars,NA,Mora moro,Plastic bag,2668,37,NADW,18-19/08/50,1950,NA,XSR,NA,NA,610,NA,679,NA,NA,NA,NA,3467,2598,4629,NA,NA,2,Y,NA,37,25,0,N,37:25:00,5,15,0,E,05:15:00,37.4167,5.25,3.75,0.55,1.7,-0.08,-24.5,35.75,0.4
MMO 1771,MMO,1771,Mora moro,-1.410364105,0.02,2.343223381,0.01,My_data,SUMIE,Ming Tsung Box,NA,MOR,Plastic bag,507146,27,NADW,2007,2007,Scotia,NA,NA,NA,NA,410,NA,NA,NA,NA,NA,686,514,916,NA,NA,2,Y,NA,54,5,0,N,54:05:00,13,55,0,W,13:55:00,54.0833,-13.9167,3.75,0.55,1.4,-0.12,-24,35.5,0.1
C_37,MMO,C_37,Mora moro,-1.340648416,0.02,2.276713255,0.02,Clives_data,Clives,NA,NA,MMO,NA,NA,27,NADW,NA,2006,NA,NA,1500,NA,NA,490,490,NA,NA,NA,1219,1219,1219,1219,NA,NA,NA,NA,NA,NA,NA,NA,NA,NA,NA,NA,NA,NA,NA,54.0833,-13.9167,3.75,0.55,1.4,-0.12,-24,35.5,0.1
C_38,MMO,C_38,Mora moro,-1.159843351,0.02,1.651117141,0.02,Clives_data,Clives,NA,NA,MMO,NA,NA,27,NADW,NA,2006,NA,NA,1500,NA,NA,320,320,NA,NA,NA,310,310,310,310,NA,NA,NA,NA,NA,NA,NA,NA,NA,NA,NA,NA,NA,NA,NA,54.0833,-13.9167,3.75,0.55,1.4,-0.12,-24,35.5,0.1
C_39,MMO,C_39,Mora moro,-1.713280352,0.02,2.052708393,0.02,Clives_data,Clives,NA,NA,MMO,NA,NA,27,NADW,NA,2006,NA,NA,1500,NA,NA,410,410,NA,NA,NA,687,687,687,687,NA,NA,NA,NA,NA,NA,NA,NA,NA,NA,NA,NA,NA,NA,NA,54.0833,-13.9167,3.75,0.55,1.4,-0.12,-24,35.5,0.1
C_102,MMO,C_102,Mora moro,-1.44,0.02,2.03,0.02,Clives_data,Clives,NA,NA,MMO,NA,NA,27,NADW,NA,2009,NA,NA,900,NA,NA,550,550,NA,NA,NA,1554,1554,1554,1554,NA,NA,NA,NA,NA,NA,NA,NA,NA,NA,NA,NA,NA,NA,NA,59.1,-9.97,3.75,0.55,1.4,-0.12,-24.5,35.25,0.2
C_103,MMO,C_103,Mora moro,-1.992931425,0.02,2.638500661,0.02,Clives_data,Clives,NA,NA,MMO,NA,NA,27,NADW,NA,2009,NA,NA,900,NA,NA,540,540,NA,NA,NA,1258,1258,1258,1258,NA,NA,NA,NA,NA,NA,NA,NA,NA,NA,NA,NA,NA,NA,NA,59.1,-9.97,3.75,0.55,1.4,-0.12,-24.5,35.25,0.2
C_104,MMO,C_104,Mora moro,-0.994874904,0.02,2.405683015,0.02,Clives_data,Clives,NA,NA,MMO,NA,NA,27,NADW,NA,2009,NA,NA,900,NA,NA,600,600,NA,NA,NA,1907,1907,1907,1907,NA,NA,NA,NA,NA,NA,NA,NA,NA,NA,NA,NA,NA,NA,NA,59.1,-9.97,3.75,0.55,1.4,-0.12,-24.5,35.25,0.2
C_105,MMO,C_105,Mora moro,-1.757261714,0.02,2.035669387,0.02,Clives_data,Clives,NA,NA,MMO,NA,NA,27,NADW,NA,2009,NA,NA,900,NA,NA,520,520,NA,NA,NA,1376,1376,1376,1376,NA,NA,NA,NA,NA,NA,NA,NA,NA,NA,NA,NA,NA,NA,NA,59.1,-9.97,3.75,0.55,1.4,-0.12,-24.5,35.25,0.2
MPO 1343,MPO,1343,Micromesistius poutassou,-0.75191842,0.02,2.680943428,0.01,My_data,SUMIE,Waitrose,136,B Whiting,Brown paper envelope,H4 A4,27,NADW,2006/09,2009,NA,NA,NA,NA,NA,NA,NA,NA,NA,NA,290,290,290,290,NA,NA,2,Y,NA,57,6,0,N,57:06:00,12,4,0,W,12:04:00,57.1,-12.0667,4.13,0.301,1.4,-0.12,-24,35.5,0.1
MPO 1346,MPO,1346,Micromesistius poutassou,-0.9132924,0.02,2.723405306,0.01,My_data,SUMIE,Waitrose,139,B Whiting,Brown paper envelope,H4 A4,27,NADW,2006/09,2009,NA,NA,NA,NA,NA,NA,NA,NA,NA,NA,358,358,358,358,NA,NA,2,Y,NA,57,6,0,N,57:06:00,12,4,0,W,12:04:00,57.1,-12.0667,4.13,0.301,1.4,-0.12,-24,35.5,0.1
MPO 1368,MPO,1368,Micromesistius poutassou,-0.520814942,0.03,2.482458839,0.01,My_data,SUMIE,Blue Box,NA,Blue whiting,Tray,Haul 26 Area 4,27,NADW,2006,2006,NA,NA,NA,NA,NA,NA,NA,NA,NA,NA,357,358,359,360,NA,NA,1,Y,NA,57,6,0,N,57:06:00,12,4,0,W,12:04:00,57.1,-12.0667,4.13,0.301,1.4,-0.12,-24,35.5,0.1
MPO 1345,MPO,1345,Micromesistius poutassou,-0.328560756,0.02,2.5328206,0.01,My_data,SUMIE,Waitrose,138,B Whiting,Brown paper envelope,H4 A4,27,NADW,2006/09,2009,NA,NA,NA,NA,NA,NA,NA,NA,NA,NA,273,273,273,273,NA,NA,2,Y,NA,57,6,0,N,57:06:00,12,4,0,W,12:04:00,57.1,-12.0667,4.13,0.301,1.4,-0.12,-24,35.5,0.1
MPO 1674,MPO,1674,Micromesistius poutassou,-2.418453413,0.03,2.300761503,0.01,My_data,SUMIE,Bubble Wrap,NA,BWH,Brown paper bag,509/403,27,NADW,2009,2009,NA,NA,500,NA,NA,410,410,NA,NA,NA,NA,468,468,468,NA,NA,2,Y,NA,57,6,0,N,57:06:00,12,4,0,W,12:04:00,57.1,-12.0667,4.13,0.301,1.4,-0.12,-24,35.5,0.1
MPO 1673,MPO,1673,Micromesistius poutassou,-1.134434521,0.02,2.802404147,0.03,My_data,SUMIE,Bubble Wrap,NA,BWH,Brown paper bag,509/403,27,NADW,2009,2009,NA,NA,500,NA,NA,270,270,NA,NA,NA,NA,122,122,122,NA,NA,2,Y,NA,57,6,0,N,57:06:00,12,4,0,W,12:04:00,57.1,-12.0667,4.13,0.301,1.4,-0.12,-24,35.5,0.1
MPO 1344,MPO,1344,Micromesistius poutassou,-1.485074281,0.02,2.584169848,0.01,My_data,SUMIE,Waitrose,137,B Whiting,Brown paper envelope,H4 A4,27,NADW,2006/09,2009,NA,NA,NA,NA,NA,NA,NA,NA,NA,NA,203,203,203,203,NA,NA,2,Y,NA,57,6,0,N,57:06:00,12,4,0,W,12:04:00,57.1,-12.0667,4.13,0.301,1.4,-0.12,-24,35.5,0.1
C_34,MPO,C_34,Micromesistius poutassou,-1.352363526,0.02,1.772637045,0.02,Clives_data,Clives,NA,NA,MPO,NA,NA,27,NADW,NA,2006,NA,NA,500,NA,NA,360,360,NA,NA,NA,233,233,233,233,NA,NA,NA,NA,NA,NA,NA,NA,NA,NA,NA,NA,NA,NA,NA,54.0833,-13.9167,4.13,0.301,1.4,-0.12,-24,35.5,0.1
C_35,MPO,C_35,Micromesistius poutassou,-0.451452786,0.02,1.939521768,0.02,Clives_data,Clives,NA,NA,MPO,NA,NA,27,NADW,NA,2006,NA,NA,500,NA,NA,290,290,NA,NA,NA,182,182,182,182,NA,NA,NA,NA,NA,NA,NA,NA,NA,NA,NA,NA,NA,NA,NA,54.0833,-13.9167,4.13,0.301,1.4,-0.12,-24,35.5,0.1
C_36,MPO,C_36,Micromesistius poutassou,-2.597950746,0.02,2.174304279,0.02,Clives_data,Clives,NA,NA,MPO,NA,NA,27,NADW,NA,2006,NA,NA,500,NA,NA,310,310,NA,NA,NA,168,168,168,168,NA,NA,NA,NA,NA,NA,NA,NA,NA,NA,NA,NA,NA,NA,NA,54.0833,-13.9167,4.13,0.301,1.4,-0.12,-24,35.5,0.1
C_106,NAE,C_106,Nezumia aequalis,-0.841794502,0.02,2.551716716,0.02,Clives_data,Clives,NA,NA,NAE,NA,NA,27,NADW,NA,2009,NA,NA,1000,NA,NA,65,65,NA,NA,NA,69.1,69.1,69.1,69.1,NA,NA,NA,NA,NA,NA,NA,NA,NA,NA,NA,NA,NA,NA,NA,56.77,-9.16,3.26,0.143,1.4,-0.12,-24.5,35.25,0.3
C_107,NAE,C_107,Nezumia aequalis,-0.802874118,0.02,2.92228537,0.02,Clives_data,Clives,NA,NA,NAE,NA,NA,27,NADW,NA,2009,NA,NA,1000,NA,NA,55,55,NA,NA,NA,52.3,52.3,52.3,52.3,NA,NA,NA,NA,NA,NA,NA,NA,NA,NA,NA,NA,NA,NA,NA,56.77,-9.16,3.26,0.143,1.4,-0.12,-24.5,35.25,0.3
C_108,NAE,C_108,Nezumia aequalis,-1.20220865,0.02,3.501199767,0.02,Clives_data,Clives,NA,NA,NAE,NA,NA,27,NADW,NA,2009,NA,NA,1000,NA,NA,50,50,NA,NA,NA,39.7,39.7,39.7,39.7,NA,NA,NA,NA,NA,NA,NA,NA,NA,NA,NA,NA,NA,NA,NA,56.77,-9.16,3.26,0.143,1.4,-0.12,-24.5,35.25,0.3
C_109,NAE,C_109,Nezumia aequalis,-1.33,0.02,2.59,0.02,Clives_data,Clives,NA,NA,NAE,NA,NA,27,NADW,NA,2009,NA,NA,1000,NA,NA,50,50,NA,NA,NA,41.9,41.9,41.9,41.9,NA,NA,NA,NA,NA,NA,NA,NA,NA,NA,NA,NA,NA,NA,NA,56.77,-9.16,3.26,0.143,1.4,-0.12,-24.5,35.25,0.3
C_110,NAE,C_110,Nezumia aequalis,-0.7337001,0.02,2.898823453,0.02,Clives_data,Clives,NA,NA,NAE,NA,NA,27,NADW,NA,2009,NA,NA,1000,NA,NA,60,60,NA,NA,NA,61.2,61.2,61.2,61.2,NA,NA,NA,NA,NA,NA,NA,NA,NA,NA,NA,NA,NA,NA,NA,56.77,-9.16,3.26,0.143,1.4,-0.12,-24.5,35.25,0.3
PBL 1395,PBL,1395,Phycis blennoides,-1.231377822,0.01,2.575723443,0.02,My_data,SUMIE,Blue Box,PB H7 1,Ficus blenoides,Tray,Haul 7,27,NADW,2006,2006,NA,NA,750,NA,490,NA,550,NA,NA,NA,NA,1505,1505,1505,NA,NA,1,Y,NA,54,5,0,N,54:05:00,13,55,0,W,13:55:00,54.0833,-13.9167,3.66,0.66,1.4,-0.12,-24,35.5,0.1
PBL 1396,PBL,1396,Phycis blennoides,-2.514787032,0.02,2.247123173,0.02,My_data,SUMIE,Blue Box,PB H7 2,Ficus blenoides,Tray,Haul 7,27,NADW,2006,2006,NA,NA,750,NA,420,NA,471,NA,NA,NA,NA,915,915,915,NA,NA,1,Y,NA,54,5,0,N,54:05:00,13,55,0,W,13:55:00,54.0833,-13.9167,3.66,0.66,1.4,-0.12,-24,35.5,0.1
PBL 1397,PBL,1397,Phycis blennoides,-2.762287408,0.01,2.157775667,0.02,My_data,SUMIE,Blue Box,PB H7 3,Ficus blenoides,Tray,Haul 7,27,NADW,2006,2006,NA,NA,750,NA,490,NA,550,NA,NA,NA,NA,1505,1505,1505,NA,NA,1,Y,NA,54,5,0,N,54:05:00,13,55,0,W,13:55:00,54.0833,-13.9167,3.66,0.66,1.4,-0.12,-24,35.5,0.1
PBL 1398,PBL,1398,Phycis blennoides,-1.247345588,0.02,2.474462937,0.02,My_data,SUMIE,Blue Box,PB H7 4,Ficus blenoides,Tray,Haul 7,27,NADW,2006,2006,NA,NA,750,NA,440,NA,494,NA,NA,NA,NA,1066,1066,1066,NA,NA,1,Y,NA,54,5,0,N,54:05:00,13,55,0,W,13:55:00,54.0833,-13.9167,3.66,0.66,1.4,-0.12,-24,35.5,0.1
PBL 1399,PBL,1399,Phycis blennoides,-1.795239567,0.02,1.469799875,0.03,My_data,SUMIE,Blue Box,PB H7 5,Ficus blenoides,Tray,Haul 7,27,NADW,2006,2006,NA,NA,750,NA,400,NA,449,NA,NA,NA,NA,785,785,785,NA,NA,1,Y,NA,54,5,0,N,54:05:00,13,55,0,W,13:55:00,54.0833,-13.9167,3.66,0.66,1.4,-0.12,-24,35.5,0.1
PBL 1400,PBL,1400,Phycis blennoides,-1.641549817,0.02,2.305695426,0.04,My_data,SUMIE,Blue Box,PB H7 6,Ficus blenoides,Tray,Haul 7,27,NADW,2006,2006,NA,NA,750,NA,420,NA,471,NA,NA,NA,NA,915,915,915,NA,NA,1,Y,NA,54,5,0,N,54:05:00,13,55,0,W,13:55:00,54.0833,-13.9167,3.66,0.66,1.4,-0.12,-24,35.5,0.1
PBL 1401,PBL,1401,Phycis blennoides,-2.768275321,0.01,2.37022418,0.03,My_data,SUMIE,Blue Box,PB H7 7,Ficus blenoides,Tray,Haul 7,27,NADW,2006,2006,NA,NA,750,NA,560,NA,629,NA,NA,NA,NA,2316,2316,2316,NA,NA,1,Y,NA,54,5,0,N,54:05:00,13,55,0,W,13:55:00,54.0833,-13.9167,3.66,0.66,1.4,-0.12,-24,35.5,0.1
PBL 1402,PBL,1402,Phycis blennoides,-1.40502728,0.02,2.488361437,0.01,My_data,SUMIE,Blue Box,PB H7 8,Ficus blenoides,Tray,Haul 7,27,NADW,2006,2006,NA,NA,750,NA,380,NA,426,NA,NA,NA,NA,663,663,663,NA,NA,2,Y,NA,54,5,0,N,54:05:00,13,55,0,W,13:55:00,54.0833,-13.9167,3.66,0.66,1.4,-0.12,-24,35.5,0.1
PBL 1403,PBL,1403,Phycis blennoides,-2.142538482,0.01,2.417876183,0.01,My_data,SUMIE,Blue Box,PB H7 9,Ficus blenoides,Tray,Haul 7,27,NADW,2006,2006,NA,NA,750,NA,330,NA,370,NA,NA,NA,NA,422,422,422,NA,NA,1,Y,NA,54,5,0,N,54:05:00,13,55,0,W,13:55:00,54.0833,-13.9167,3.66,0.66,1.4,-0.12,-24,35.5,0.1
PBL 2068,PBL,2068,Phycis blennoides,-1.498837906,0.01,2.253079673,0.02,My_data,SUMIE,Ming Tsung Box,NA,GFO,Plastic bag,507146,27,NAT,May-07,2007,NA,NA,NA,NA,NA,630,630,NA,NA,NA,NA,2328,2328,2328,NA,NA,2,Y,63,54,5,0,N,54:05:00,13,55,0,W,13:55:00,54.0833,-13.9167,3.66,0.66,1.4,-0.12,-24,35.5,0.1
C_40,PBL,C_40,Phycis blennoides,-1.8863942,0.02,1.916609587,0.02,Clives_data,Clives,NA,NA,PBL,NA,NA,27,NADW,NA,2006,NA,NA,750,NA,NA,400,400,NA,NA,NA,542,542,542,542,NA,NA,NA,NA,NA,NA,NA,NA,NA,NA,NA,NA,NA,NA,NA,54.0833,-13.9167,3.66,0.66,1.4,-0.12,-24,35.5,0.1
C_41,PBL,C_41,Phycis blennoides,-1.631093193,0.02,2.380403705,0.02,Clives_data,Clives,NA,NA,PBL,NA,NA,27,NADW,NA,2006,NA,NA,750,NA,NA,330,330,NA,NA,NA,292,292,292,292,NA,NA,NA,NA,NA,NA,NA,NA,NA,NA,NA,NA,NA,NA,NA,54.0833,-13.9167,3.66,0.66,1.4,-0.12,-24,35.5,0.1
C_111,PBL,C_111,Phycis blennoides,-2.042608861,0.02,2.251042603,0.02,Clives_data,Clives,NA,NA,PBL,NA,NA,27,NADW,NA,2009,NA,NA,500,NA,NA,650,650,NA,NA,NA,2038,2038,2038,2038,NA,NA,NA,NA,NA,NA,NA,NA,NA,NA,NA,NA,NA,NA,NA,57.6,-9.58,3.66,0.66,1.4,-0.12,-24.5,35.25,0.1
C_112,PBL,C_112,Phycis blennoides,-1.26772454,0.02,2.382492662,0.02,Clives_data,Clives,NA,NA,PBL,NA,NA,27,NADW,NA,2009,NA,NA,500,NA,NA,590,590,NA,NA,NA,1634,1634,1634,1634,NA,NA,NA,NA,NA,NA,NA,NA,NA,NA,NA,NA,NA,NA,NA,57.6,-9.58,3.66,0.66,1.4,-0.12,-24.5,35.25,0.1
C_113,PBL,C_113,Phycis blennoides,-1.024462461,0.02,2.119530459,0.02,Clives_data,Clives,NA,NA,PBL,NA,NA,27,NADW,NA,2009,NA,NA,500,NA,NA,450,450,NA,NA,NA,678,678,678,678,NA,NA,NA,NA,NA,NA,NA,NA,NA,NA,NA,NA,NA,NA,NA,57.6,-9.58,3.66,0.66,1.4,-0.12,-24.5,35.25,0.1
C_42,RAT,C_42,Rouleina attrita,-0.685549203,0.02,3.192713187,0.02,Clives_data,Clives,NA,NA,RAT,NA,NA,27,NADW,NA,2006,NA,NA,1500,NA,NA,370,370,NA,NA,NA,251,251,251,251,NA,NA,NA,NA,NA,NA,NA,NA,NA,NA,NA,NA,NA,NA,NA,54.0833,-13.9167,3.5,0.5,1.4,-0.12,-24,35.5,0.1
C_43,RAT,C_43,Rouleina attrita,-1.119650373,0.02,3.082568586,0.02,Clives_data,Clives,NA,NA,RAT,NA,NA,27,NADW,NA,2006,NA,NA,1500,NA,NA,430,430,NA,NA,NA,388,388,388,388,NA,NA,NA,NA,NA,NA,NA,NA,NA,NA,NA,NA,NA,NA,NA,54.0833,-13.9167,3.5,0.5,1.4,-0.12,-24,35.5,0.1
C_44,RAT,C_44,Rouleina attrita,-1.041780492,0.02,2.981890742,0.02,Clives_data,Clives,NA,NA,RAT,NA,NA,27,NADW,NA,2006,NA,NA,1500,NA,NA,310,310,NA,NA,NA,151,151,151,151,NA,NA,NA,NA,NA,NA,NA,NA,NA,NA,NA,NA,NA,NA,NA,54.0833,-13.9167,3.5,0.5,1.4,-0.12,-24,35.5,0.1
SME2144,SME,2144,Sebastes mentella,-1.960604605,0.01,2.934852702,0.03,My_data,SUMIE,Ming Tsung Box,NA,No label,Brown paper bag,507/411,27,NADW,26/09/2007,2007,NA,NA,NA,NA,NA,450,450,NA,NA,NA,NA,1349,1114,1633,NA,NA,2,Y,45,54,5,0,N,54:05:00,13,55,0,W,13:55:00,54.0833,-13.9167,4.12,0.66,1.4,-0.12,-24,35.5,0.1
SME2146,SME,2146,Sebastes mentella,-2.006720225,0.01,2.389757913,0.03,My_data,SUMIE,Ming Tsung Box,NA,No label,Brown paper bag,507/411,27,NADW,26/09/2007,2007,NA,NA,NA,NA,NA,450,450,NA,NA,NA,NA,1349,1114,1633,NA,NA,2,Y,45,54,5,0,N,54:05:00,13,55,0,W,13:55:00,54.0833,-13.9167,4.12,0.66,1.4,-0.12,-24,35.5,0.1
SME2147,SME,2147,Sebastes mentella,-3.690942881,0.01,2.182482381,0.03,My_data,SUMIE,Ming Tsung Box,NA,No label,Brown paper bag,507/411,27,NADW,26/09/2007,2007,NA,NA,NA,NA,NA,450,450,NA,NA,NA,NA,1349,1114,1633,NA,NA,2,Y,45,54,5,0,N,54:05:00,13,55,0,W,13:55:00,54.0833,-13.9167,4.12,0.66,1.4,-0.12,-24,35.5,0.1
SME2150,SME,2150,Sebastes mentella,-2.206220409,0.02,2.187464966,0.03,My_data,SUMIE,Ming Tsung Box,NA,No label,Brown paper bag,507/411,27,NADW,26/09/2007,2007,NA,NA,NA,NA,NA,460,460,NA,NA,NA,NA,1439,1188,1742,NA,NA,2,Y,46,54,5,0,N,54:05:00,13,55,0,W,13:55:00,54.0833,-13.9167,4.12,0.66,1.4,-0.12,-24,35.5,0.1
SME2154,SME,2154,Sebastes mentella,-2.168124896,0.01,2.527277257,0.03,My_data,SUMIE,Ming Tsung Box,NA,No label,Brown paper bag,507/411,27,NADW,26/09/2007,2007,NA,NA,NA,NA,NA,470,470,NA,NA,NA,NA,1533,1266,1856,NA,NA,2,Y,47,54,5,0,N,54:05:00,13,55,0,W,13:55:00,54.0833,-13.9167,4.12,0.66,1.4,-0.12,-24,35.5,0.1
SME2162,SME,2162,Sebastes mentella,-2.510984509,0.01,2.309040038,0.03,My_data,SUMIE,Ming Tsung Box,NA,No label,Brown paper bag,507/411,27,NADW,26/09/2007,2007,NA,NA,NA,NA,NA,480,480,NA,NA,NA,NA,1631,1347,1975,NA,NA,2,Y,48,54,5,0,N,54:05:00,13,55,0,W,13:55:00,54.0833,-13.9167,4.12,0.66,1.4,-0.12,-24,35.5,0.1
SME2185,SME,2185,Sebastes mentella,-2.757602826,0.01,2.939835287,0.03,My_data,SUMIE,Ming Tsung Box,NA,No label,Brown paper bag,NA,27,NADW,2007,2007,Rosemary Seamount,NA,NA,NA,NA,430,430,NA,NA,NA,NA,1180,975,1429,NA,NA,2,Y,One broken,59,25,0,N,59:25:00,10,15,0,W,10:15:00,59.4167,-10.25,4.12,0.66,1.4,-0.12,-24.5,35.25,0.1
SME2186,SME,2186,Sebastes mentella,-2.434793484,0.01,2.732559755,0.04,My_data,SUMIE,Ming Tsung Box,NA,No label,Brown paper bag,NA,27,NADW,2007,2007,Rosemary Seamount,NA,NA,NA,NA,440,440,NA,NA,NA,NA,1263,1043,1529,NA,NA,2,Y,NA,59,25,0,N,59:25:00,10,15,0,W,10:15:00,59.4167,-10.25,4.12,0.66,1.4,-0.12,-24.5,35.25,0.1
SME2188,SME,2188,Sebastes mentella,-2.533039805,0.01,2.787368189,0.03,My_data,SUMIE,Ming Tsung Box,NA,No label,Brown paper bag,NA,27,NADW,2007,2007,Rosemary Seamount,NA,NA,NA,NA,440,440,NA,NA,NA,NA,1263,1043,1529,NA,NA,2,Y,NA,59,25,0,N,59:25:00,10,15,0,W,10:15:00,59.4167,-10.25,4.12,0.66,1.4,-0.12,-24.5,35.25,0.1
SME2193,SME,2193,Sebastes mentella,-3.072392061,0.03,2.59902648,0.03,My_data,SUMIE,Ming Tsung Box,NA,No label,Brown paper bag,NA,27,NADW,2007,2007,Rosemary Seamount,NA,NA,NA,NA,460,460,NA,NA,NA,NA,1439,1188,1742,NA,NA,2,Y,NA,59,25,0,N,59:25:00,10,15,0,W,10:15:00,59.4167,-10.25,4.12,0.66,1.4,-0.12,-24.5,35.25,0.1
SMO BT054-123,SMO,2747,Squalogadus modificatus,-0.047808874,0.02,3.259717238,0.02,My_data,Discovery,Bags,NA,Squalogadus modificatus,Plastic bag,BT054,71,CDW,17/11/1996,1996,NA,NA,1173-1340,123,NA,NA,433,NA,NA,NA,NA,261,115,592,Male,NA,2,Y,Campagne Halipro2,25,9,3,S,25:09:03,168,53,60,E,168:53:60,-25.1508,168.9,3.5,0.5,1.4,-0.18,-19,35,0.3
SMO BT067-180,SMO,833,Squalogadus modificatus,-1.067365089,0.01,3.027528782,0.02,My_data,Discovery,Bags,NA,Squalogadus modificatus,Plastic Bag,BT067,71,CDW,19/11/1996,1996,NA,NA,978-1330,100,NA,NA,352,NA,NA,NA,NA,134,59,304,Male,NA,1,Y,Campagne Halipro2,24,46,21,S,24:46:21,168,14,99,E,168:14:99,-24.7725,168.2608,3.5,0.5,1.4,-0.18,-19,35,0.3
SMO BT068-167,SMO,830,Squalogadus modificatus,0.883526154,0.02,3.482937042,0.02,My_data,Discovery,Bags,NA,Squalogadus modificatus,Plastic Bag,BT068,71,CDW,19/11/1996,1996,NA,NA,1316-1564,167,NA,NA,588,NA,NA,NA,NA,697,307,1584,Female,NA,1,Y,Campagne Halipro2,24,48,20,S,24:48:20,168,17,12,E,168:17:12,-24.8056,168.2867,3.5,0.5,1.4,-0.18,-19,35,0.3
SMO BT068-76,SMO,828,Squalogadus modificatus,-1.666868154,0.01,2.681737389,0.03,My_data,Discovery,Bags,NA,Squalogadus modificatus,Plastic Bag,BT068,71,CDW,19/11/1996,1996,NA,NA,1316-1564,76,NA,NA,268,NA,NA,NA,NA,55,24,126,Male,NA,2,Y,Campagne Halipro2,24,48,20,S,24:48:20,168,17,12,E,168:17:12,-24.8056,168.2867,3.5,0.5,1.4,-0.18,-19,35,0.3
SMO BT081-130,SMO,827,Squalogadus modificatus,-0.264351787,0.02,3.124190929,0.03,My_data,Discovery,Bags,NA,Squalogadus modificatus,Plastic Bag,BT061,71,CDW,18/11/1996,1996,NA,NA,1160-1270,130,NA,NA,458,NA,NA,NA,NA,311,137,707,NA,NA,2,Y,Campagne Halipro2,24,53,5,S,24:53:05,168,41,66,E,168:41:66,-24.8847,168.7017,3.5,0.5,1.4,-0.18,-19,35,0.4
SMO BTO14-141,SMO,831,Squalogadus modificatus,-0.320492542,0.02,3.134156099,0.03,My_data,Discovery,Bags,NA,Squalogadus modificatus,Plastic Bag,BT041,71,CDW,14/11/1996,1996,NA,NA,1317-1383,141,NA,NA,497,NA,NA,NA,NA,405,178,919,NA,NA,2,Y,NA,25,47,77,S,25:47:77,167,11,52,E,167:11:52,-25.8047,167.1978,3.5,0.5,1.4,-0.18,-19,35,0.3
SMO BTO67-83,SMO,835,Squalogadus modificatus,-1.61975002,0.02,2.414670838,0.02,My_data,Discovery,Bags,NA,Squalogadus modificatus,Plastic Bag,BT067,71,CDW,19/11/1996,1996,NA,NA,978-1330,83,NA,NA,292,NA,NA,NA,NA,73,32,167,Male,NA,1,Y,Campagne Halipro2,24,46,21,S,24:46:21,168,14,99,E,168:14:99,-24.7725,168.2608,3.5,0.5,1.4,-0.18,-19,35,0.3
SMO BTO82-47,SMO,834,Squalogadus modificatus,-2.184165112,0.02,2.539235461,0.02,My_data,Discovery,Bags,NA,Squalogadus modificatus,Plastic Bag,BT082,71,CDW,22/11/1996,1996,NA,NA,1846-1862,47,NA,NA,166,NA,NA,NA,NA,12,5,27,NA,NA,1,Y,Campagne Halipro2,23,51,50,S,23:51:50,168,25,98,E,168:25:98,-23.8639,168.4439,3.5,0.5,1.4,-0.18,-19,35,0.3
SMO BT103-141,SMO ,826,Squalogadus modificatus,-0.183148195,0.02,3.032511367,0.02,My_data,Discovery,Bags,NA,Squalogadus modificatus,Plastic Bag,BT103,71,CDW,26/11/1996,1996,NA,NA,1235-1256,141,NA,NA,497,NA,NA,NA,NA,405,178,919,Male,NA,2,Y,Campagne Halipro2,24,50,84,S,24:50:84,162,7,91,E,162:7:91,-24.8567,162.1419,3.5,0.5,1.4,-0.18,-19,35,0.3
SMO BTO82-65,SMO  ,2748,Squalogadus modificatus,-1.90747139,0.01,3.17999588,0.05,My_data,Discovery,Bags,NA,Squalogadus modificatus,Plastic bag,BT082,71,CDW,22/11/1996,1996,NA,NA,1846-1862,65,NA,NA,229,NA,NA,NA,NA,33,15,76,NA,NA,2,Y,Campagne Halipro2,23,51,50,S,23:51:50,168,25,98,E,168:25:98,-23.8639,168.4439,3.5,0.5,1.4,-0.18,-19,35,0.3
C_114,SPG,C_114,Spectrunculus grandis,0.013329316,0.02,4.012791222,0.02,Clives_data,Clives,NA,NA,SPG,NA,NA,27,NADW,NA,2009,NA,NA,1800,NA,NA,370,370,NA,NA,NA,262,262,262,262,NA,NA,NA,NA,NA,NA,NA,NA,NA,NA,NA,NA,NA,NA,NA,56.12,-9.91,3.57,0.51,1.4,-0.12,-24.5,35.25,0.3
C_115,SPG,C_115,Spectrunculus grandis,0.730024287,0.02,3.971092879,0.02,Clives_data,Clives,NA,NA,SPG,NA,NA,27,NADW,NA,2009,NA,NA,1800,NA,NA,510,510,NA,NA,NA,834,834,834,834,NA,NA,NA,NA,NA,NA,NA,NA,NA,NA,NA,NA,NA,NA,NA,56.12,-9.91,3.57,0.51,1.4,-0.12,-24.5,35.25,0.3
C_116,SPG,C_116,Spectrunculus grandis,-0.013525794,0.02,3.671644197,0.02,Clives_data,Clives,NA,NA,SPG,NA,NA,27,NADW,NA,2009,NA,NA,1800,NA,NA,430,430,NA,NA,NA,382,382,382,382,NA,NA,NA,NA,NA,NA,NA,NA,NA,NA,NA,NA,NA,NA,NA,56.12,-9.91,3.57,0.51,1.4,-0.12,-24.5,35.25,0.3
C_117,SPG,C_117,Spectrunculus grandis,0.527298238,0.02,3.589522482,0.02,Clives_data,Clives,NA,NA,SPG,NA,NA,27,NADW,NA,2009,NA,NA,1800,NA,NA,430,430,NA,NA,NA,490,490,490,490,NA,NA,NA,NA,NA,NA,NA,NA,NA,NA,NA,NA,NA,NA,NA,56.12,-9.91,3.57,0.51,1.4,-0.12,-24.5,35.25,0.3
C_118,SPG,C_118,Spectrunculus grandis,0.778310456,0.02,3.753031969,0.02,Clives_data,Clives,NA,NA,SPG,NA,NA,27,NADW,NA,2009,NA,NA,1800,NA,NA,460,460,NA,NA,NA,606,606,606,606,NA,NA,NA,NA,NA,NA,NA,NA,NA,NA,NA,NA,NA,NA,NA,56.12,-9.91,3.57,0.51,1.4,-0.12,-24.5,35.25,0.3
C_119,SPG,C_119,Spectrunculus grandis,0.257064122,0.02,4.250081159,0.02,Clives_data,Clives,NA,NA,SPG,NA,NA,27,NADW,NA,2009,NA,NA,1800,NA,NA,430,430,NA,NA,NA,544,544,544,544,NA,NA,NA,NA,NA,NA,NA,NA,NA,NA,NA,NA,NA,NA,NA,56.12,-9.91,3.57,0.51,1.4,-0.12,-24.5,35.25,0.3
C_120,SPG,C_120,Spectrunculus grandis,-1.41,0.02,0.67,0.02,Clives_data,Clives,NA,NA,SPG,NA,NA,27,NADW,NA,2009,NA,NA,1800,NA,NA,440,440,NA,NA,NA,454,454,454,454,NA,NA,NA,NA,NA,NA,NA,NA,NA,NA,NA,NA,NA,NA,NA,56.12,-9.91,3.57,0.51,1.4,-0.12,-24.5,35.25,0.3
C_121,TMU,C_121,Trachyrinchus murrayi,-0.641604026,0.02,3.26026797,0.02,Clives_data,Clives,NA,NA,TMU,NA,NA,27,NADW,NA,2009,NA,NA,1500,NA,NA,160,160,NA,NA,NA,254,254,254,254,NA,NA,NA,NA,NA,NA,NA,NA,NA,NA,NA,NA,NA,NA,NA,57.61,-9.87,3.5,0.52,1.4,-0.12,-24.5,35.25,0.3
C_122,TMU,C_122,Trachyrinchus murrayi,-0.141885902,0.02,3.210689936,0.02,Clives_data,Clives,NA,NA,TMU,NA,NA,27,NADW,NA,2009,NA,NA,1500,NA,NA,160,160,NA,NA,NA,203,203,203,203,NA,NA,NA,NA,NA,NA,NA,NA,NA,NA,NA,NA,NA,NA,NA,57.61,-9.87,3.5,0.52,1.4,-0.12,-24.5,35.25,0.3
C_123,TMU,C_123,Trachyrinchus murrayi,0.227349011,0.02,3.190052626,0.02,Clives_data,Clives,NA,NA,TMU,NA,NA,27,NADW,NA,2009,NA,NA,1500,NA,NA,160,160,NA,NA,NA,259,259,259,259,NA,NA,NA,NA,NA,NA,NA,NA,NA,NA,NA,NA,NA,NA,NA,57.61,-9.87,3.5,0.52,1.4,-0.12,-24.5,35.25,0.3
C_124,TMU,C_124,Trachyrinchus murrayi,-0.56,0.02,2.76,0.02,Clives_data,Clives,NA,NA,TMU,NA,NA,27,NADW,NA,2009,NA,NA,1500,NA,NA,150,150,NA,NA,NA,156,156,156,156,NA,NA,NA,NA,NA,NA,NA,NA,NA,NA,NA,NA,NA,NA,NA,57.61,-9.87,3.5,0.52,1.4,-0.12,-24.5,35.25,0.3
TSC221,TSC,221,Trachyrincus scabrus,1.029893123,0.01,2.987668102,0.02,My_data,Discovery,Box I,NA,T. trachyrincus,Plastic bag,11542#1,34,NADW,03/07/1987,1987,NA,OTSB14,NA,100,NA,NA,709,NA,NA,NA,NA,142,-539,823,Female,II/III,2,Y,NA,20,41,6,N,20:41:06,17,59,36,W,17:59:36,20.685,-17.9933,3.64,0.339,1.4,-0.18,-19,36.5,0.3
TSC225,TSC,225,Trachyrincus scabrus,1.390797978,0.01,2.901967642,0.02,My_data,Discovery,Box I,NA,T. trachyrincus,Plastic bag,11542#1,34,NADW,03/07/1987,1987,NA,OTSB14,NA,107,NA,NA,759,NA,NA,NA,170,170,170,170,Female,VII ,2,Y,One slightly discoloured,20,41,6,N,20:41:06,17,59,36,W,17:59:36,20.685,-17.9933,3.64,0.339,1.4,-0.18,-19,36.5,0.3
TSC226,TSC,226,Trachyrincus scabrus,1.171247524,0.01,2.913925846,0.03,My_data,Discovery,Box I,NA,T. trachyrincus,Plastic bag,11542#1,34,NADW,03/07/1987,1987,NA,OTSB14,NA,95,NA,NA,674,NA,NA,NA,109,109,109,109,Female,VII ,2,Y,NA,20,41,6,N,20:41:06,17,59,36,W,17:59:36,20.685,-17.9933,3.64,0.339,1.4,-0.18,-19,36.5,0.3
TSC227,TSC,227,Trachyrincus scabrus,0.449437815,0.01,2.730566721,0.03,My_data,Discovery,Box I,NA,T. trachyrincus,Plastic bag,11542#1,34,NADW,03/07/1987,1987,NA,OTSB14,NA,76,NA,NA,539,NA,NA,NA,52,52,52,52,Male,NA,2,Y,NA,20,41,6,N,20:41:06,17,59,36,W,17:59:36,20.685,-17.9933,3.64,0.339,1.4,-0.18,-19,36.5,0.3
TSC229,TSC,229,Trachyrincus scabrus,1.181272659,0.02,3.060413842,0.02,My_data,Discovery,Box I,NA,T. trachyrincus,Plastic bag,11542#1,34,NADW,03/07/1987,1987,NA,OTSB14,NA,98,NA,NA,695,NA,NA,NA,144,144,144,144,Male,NA,2,Y,NA,20,41,6,N,20:41:06,17,59,36,W,17:59:36,20.685,-17.9933,3.64,0.339,1.4,-0.18,-19,36.5,0.3
TSC233,TSC,233,Trachyrincus scabrus,1.347689898,0.02,2.605005581,0.01,My_data,Discovery,Box I,NA,T. trachyrincus,Plastic bag,11542#1,34,NADW,03/07/1987,1987,NA,OTSB14,NA,101,NA,NA,716,NA,NA,NA,143,143,143,143,Female,VII,2,Y,NA,20,41,6,N,20:41:06,17,59,36,W,17:59:36,20.685,-17.9933,3.64,0.339,1.4,-0.18,-19,36.5,0.3
TSC244,TSC,244,Trachyrincus scabrus,1.306586845,0.01,2.992650687,0.03,My_data,Discovery,Box I,NA,T. trachyrincus ,Plastic bag,11542#1,34,NADW,03/07/1987,1987,NA,OTSB14,NA,93,NA,NA,660,NA,NA,NA,135,135,135,135,Male,NA,2,Y,NA,20,41,6,N,20:41:06,17,59,36,W,17:59:36,20.685,-17.9933,3.64,0.339,1.4,-0.18,-19,36.5,0.3
TSC270,TSC,270,Trachyrincus scabrus,1.353704979,0.01,2.84317314,0.01,My_data,Discovery,Box I,NA,T. trachyrincus,Plastic bag,11542#1,34,NADW,03/07/1987,1987,NA,OTSB14,NA,105,NA,NA,745,NA,NA,NA,NA,157,-541,855,Female,II/III,2,Y,NA,20,41,6,N,20:41:06,17,59,36,W,17:59:36,20.685,-17.9933,3.64,0.339,1.4,-0.18,-19,36.5,0.3
TSC406,TSC,406,Trachyrincus scabrus,1.774760643,0.01,2.946810906,0.03,My_data,Discovery,Small boxes,NA,T. trachyrincus,Plastic bag,11542#1,34,NADW,03/07/1987,1987,NA,OTSB14,NA,101,NA,NA,716,NA,NA,NA,134,134,134,134,Male,NA,2,Y,NA,20,41,6,N,20:41:06,17,59,36,W,17:59:36,20.685,-17.9933,3.64,0.339,1.4,-0.18,-19,36.5,0.3
TSC407,TSC,407,Trachyrincus scabrus,0.204824524,0.01,2.492399163,0.03,My_data,Discovery,Small boxes,NA,T. trachyrincus,Plastic bag,51304,34,NADW,18/02/1982,1982,NA,OTSB14,79,131,NA,NA,929,NA,NA,NA,NA,237,-550,1024,NA,NA,2,Y,NA,51,51,6,N,51:51:06,13,19,36,W,13:19:36,51.8517,-13.3267,3.64,0.339,1.4,-0.14,-23,35.5,0.2
C_125,XCO,C_125,Xenodermichthys copei,-2.322470411,0.02,2.185580881,0.02,Clives_data,Clives,NA,NA,XCO,NA,NA,27,NADW,NA,2009,NA,NA,1000,NA,NA,170,170,NA,NA,NA,33.4,33.4,33.4,33.4,NA,NA,NA,NA,NA,NA,NA,NA,NA,NA,NA,NA,NA,NA,NA,57.27,-9.52,3.19,0.35,1.4,-0.12,-24.5,35.25,0.2
C_126,XCO,C_126,Xenodermichthys copei,-2.374735405,0.02,2.418336105,0.02,Clives_data,Clives,NA,NA,XCO,NA,NA,27,NADW,NA,2009,NA,NA,1000,NA,NA,170,170,NA,NA,NA,36.5,36.5,36.5,36.5,NA,NA,NA,NA,NA,NA,NA,NA,NA,NA,NA,NA,NA,NA,NA,57.27,-9.52,3.19,0.35,1.4,-0.12,-24.5,35.25,0.2
C_127,XCO,C_127,Xenodermichthys copei,-1.199253028,0.02,2.502196003,0.02,Clives_data,Clives,NA,NA,XCO,NA,NA,27,NADW,NA,2009,NA,NA,1000,NA,NA,170,170,NA,NA,NA,43.4,43.4,43.4,43.4,NA,NA,NA,NA,NA,NA,NA,NA,NA,NA,NA,NA,NA,NA,NA,57.27,-9.52,3.19,0.35,1.4,-0.12,-24.5,35.25,0.2
C_128,XCO,C_128,Xenodermichthys copei,-2.749507823,0.02,1.976255889,0.02,Clives_data,Clives,NA,NA,XCO,NA,NA,27,NADW,NA,2009,NA,NA,1000,NA,NA,150,150,NA,NA,NA,31.8,31.8,31.8,31.8,NA,NA,NA,NA,NA,NA,NA,NA,NA,NA,NA,NA,NA,NA,NA,57.27,-9.52,3.19,0.35,1.4,-0.12,-24.5,35.25,0.2
