"","MyNumber","Collections","ID","sciname","Label","Station","Notes","Muscle","Otolith","Lat_dec.x","Long_dec.x","Year.x","Min.Depth","Max.Depth","Salinity","SST","Weight.x","Weight_SD","Sex","Year.y","Lat_dec.y","Long_dec.y","Min_Depth","Max_Depth","Temp","DIC","Suess","Depth_Mid","D18O_vals","Province","Phyto","Phyto_sd","d13C","d18O","Genus","Species","FamCode","BodyShapeI","Compressed","AspectRatio","DepthOverTL","DemersPelag","AnaCat","DepthRangeShallow","DepthRangeDeep","LongevityWild","Length","LTypeMaxM","Weight.y","Family","Order","Neritic","Oceanic","Estuaries","DietTroph","DietSeTroph","FoodTroph","FoodSeTroph","UseTroph","UseTrophSe","Schooling","Shoaling","Temperature","temp","sd_temp","min_temp","max_temp"
"1","BAS_19","BAS","#113","Electrona antarctica","ELN","JR15004/91/1",NA,1,"Y",-60.2326,-46.1921,2016,NA,NA,NA,NA,5,0,"F",2016,-60.23,-46.19,700,1000,NA,1.8,-0.08,850,-0.120896734,"APLR",-30,0.5,-4.86,4.04,"Electrona","antarctica",167,"fusiform / normal","No",1.48,21.2,"pelagic","migratory",0,1000,3,10.3,"SL",NA,"Myctophidae","Myctophiformes","No","Yes","No",3.21,0.35,3.14,0.39,3.21,0.35,"No","No","Polar",-3.09693606810487,1.33363651983557,-6.55422305503231,4.13368689014327
"2","BAS_21","BAS","134","Electrona antarctica","ELN","JR15004/65/2",NA,2,"Y",-60.0345,-46.5806,2016,NA,NA,NA,NA,5,0,"M",2016,-60.03,-46.58,400,700,NA,1.8,-0.08,550,-0.121972002,"APLR",-30,0.5,-5.8,3.66,"Electrona","antarctica",167,"fusiform / normal","No",1.48,21.2,"pelagic","migratory",0,1000,3,10.3,"SL",NA,"Myctophidae","Myctophiformes","No","Yes","No",3.21,0.35,3.14,0.39,3.21,0.35,"No","No","Polar",-1.07746318466455,1.24030324794517,-4.11625313813965,5.30520803068086
"3","BAS_31","BAS","#125","Electrona antarctica","ELN","JR15004/72/1",NA,1,"Y",-60.0737,-46.0612,2016,NA,NA,NA,NA,4.4,0,"F",2016,-60.07,-46.06,700,1000,NA,1.8,-0.08,850,-0.120896734,"APLR",-30,0.5,-4.84,3.71,"Electrona","antarctica",167,"fusiform / normal","No",1.48,21.2,"pelagic","migratory",0,1000,3,10.3,"SL",NA,"Myctophidae","Myctophiformes","No","Yes","No",3.21,0.35,3.14,0.39,3.21,0.35,"No","No","Polar",-1.02115163295449,1.23055351528118,-4.25867703678591,5.74251838532439
"4","BAS_32","BAS","#126","Electrona antarctica","ELN","JR15004/72/1",NA,1,"Y",-60.0737,-46.0612,2016,NA,NA,NA,NA,10,0,"F",2016,-60.07,-46.06,700,1000,NA,1.8,-0.08,850,-0.120896734,"APLR",-30,0.5,-5.55,4.2,"Electrona","antarctica",167,"fusiform / normal","No",1.48,21.2,"pelagic","migratory",0,1000,3,10.3,"SL",NA,"Myctophidae","Myctophiformes","No","Yes","No",3.21,0.35,3.14,0.39,3.21,0.35,"No","No","Polar",-4.0912369671296,1.34405498516392,-7.57177842525254,3.18860125965029
"5","BAS_33","BAS","#127","Electrona antarctica","ELN","JR15004/72/1",NA,1,"Y",-60.0737,-46.0612,2016,NA,NA,NA,NA,6.6,0,"F",2016,-60.07,-46.06,700,1000,NA,1.8,-0.08,850,-0.120896734,"APLR",-30,0.5,-4.56,3.5,"Electrona","antarctica",167,"fusiform / normal","No",1.48,21.2,"pelagic","migratory",0,1000,3,10.3,"SL",NA,"Myctophidae","Myctophiformes","No","Yes","No",3.21,0.35,3.14,0.39,3.21,0.35,"No","No","Polar",0.281144799881303,1.23683173978426,-2.92313561337185,6.98294327534643
"6","BAS_35","BAS","#128","Electrona antarctica","ELN","JR15004/72/1",NA,1,"Y",-60.0737,-46.0612,2016,NA,NA,NA,NA,6.6,0,"M",2016,-60.07,-46.06,700,1000,NA,1.8,-0.08,850,-0.120896734,"APLR",-30,0.5,-4.66,3.73,"Electrona","antarctica",167,"fusiform / normal","No",1.48,21.2,"pelagic","migratory",0,1000,3,10.3,"SL",NA,"Myctophidae","Myctophiformes","No","Yes","No",3.21,0.35,3.14,0.39,3.21,0.35,"No","No","Polar",-1.14524126226303,1.23040539073879,-4.38587145806344,5.62438268151277
"7","BAS_37","BAS","64","Electrona antarctica","ELN","JR177/199/2",NA,1,"Y",-58.01,-43.05,2008,NA,NA,NA,NA,6.6,0,"M",2008,-58.01,-43.12,204.4,414.5,NA,1.8,-0.08,309.45,-0.170474783,"ANTA",-29,1,-5.38,3.6,"Electrona","antarctica",167,"fusiform / normal","No",1.48,21.2,"pelagic","migratory",0,1000,3,10.3,"SL",NA,"Myctophidae","Myctophiformes","No","Yes","No",3.21,0.35,3.14,0.39,3.21,0.35,"No","No","Polar",-0.405885069885285,1.23130410255369,-3.65111861201483,6.37301481581573
"8","BAS_38","BAS","43","Electrona antarctica","ELN","JR177/205/1",NA,1,"Y",-58.02,-42.97,2008,NA,NA,NA,NA,9,0,"F",2008,-58.02,-42.97,704.2,1003,NA,1.8,-0.08,853.6,-0.120874882,"ANTA",-29,1,-4.07,3.83,"Electrona","antarctica",167,"fusiform / normal","No",1.48,21.2,"pelagic","migratory",0,1000,3,10.3,"SL",NA,"Myctophidae","Myctophiformes","No","Yes","No",3.21,0.35,3.14,0.39,3.21,0.35,"No","No","Polar",-1.76571448077361,1.23084187568736,-5.0217045918264,5.03383323752464
"9","BAS_42","BAS","#58","Electrona antarctica","ELN","JR177/199/2",NA,1,"Y",-58.01,-43.05,2008,NA,NA,NA,NA,4.8,0,"M",2008,-58.01,-43.12,204.4,414.5,NA,1.8,-0.08,309.45,-0.170474783,"ANTA",-29,1,-4.56,3.7,"Electrona","antarctica",167,"fusiform / normal","No",1.48,21.2,"pelagic","migratory",0,1000,3,10.3,"SL",NA,"Myctophidae","Myctophiformes","No","Yes","No",3.21,0.35,3.14,0.39,3.21,0.35,"No","No","Polar",-1.01011096589224,1.22955764692362,-4.26270077175079,5.78233629675761
"10","BAS_52","BAS","#114","Electrona antarctica","ELN","JR15004/91/1",NA,1,"Y",-60.2326,-46.1921,2016,NA,NA,NA,NA,5.3,0,"M",2016,-60.23,-46.19,700,1000,NA,1.8,-0.08,850,-0.120896734,"APLR",-30,0.5,-4.6,3.8,"Electrona","antarctica",167,"fusiform / normal","No",1.48,21.2,"pelagic","migratory",0,1000,3,10.3,"SL",NA,"Myctophidae","Myctophiformes","No","Yes","No",3.21,0.35,3.14,0.39,3.21,0.35,"No","No","Polar",-1.57963934503251,1.23050512783481,-4.83105193253479,5.21090771817209
"11","BAS_59","BAS","57","Electrona antarctica","ELN","JR16003/39/1","RAS",1,"Y",-54.99,-49.105,2016,NA,NA,NA,NA,6.1,0,"F",2016,-53.5,-39.25,19,202,NA,1.9,-0.1,110.5,-0.372505248,"ANTA",-29,1,-5.37,3.69,"Electrona","antarctica",167,"fusiform / normal","No",1.48,21.2,"pelagic","migratory",0,1000,3,10.3,"SL",NA,"Myctophidae","Myctophiformes","No","Yes","No",3.21,0.35,3.14,0.39,3.21,0.35,"No","No","Polar",-1.90098505306972,1.19169101491176,-4.80788977448037,4.20430980911266
"12","BAS_60","BAS","6","Electrona antarctica","ELN","JR16003/113/1","RYAN",1,"Y",-54.99,-49.105,2016,NA,NA,NA,NA,1.8,0,"M",2017,-55.29,-41.35,196.7,398,2.06,1.85,-0.09,297.35,-0.055642206,"ANTA",-29,1,-5.66,3.71,"Electrona","antarctica",167,"fusiform / normal","No",1.48,21.2,"pelagic","migratory",0,1000,3,10.3,"SL",NA,"Myctophidae","Myctophiformes","No","Yes","No",3.21,0.35,3.14,0.39,3.21,0.35,"No","No","Polar",-0.961238805405853,1.21669902266732,-4.14227665036473,5.68747331560739
"13","BAS_61","BAS","55","Electrona antarctica","ELN","JR16003/39/2","RAS",NA,"Y",-54.99,-49.105,2016,NA,NA,NA,NA,6.8,5.9,"F",2016,-53.53,-39.25,15,209,NA,1.9,-0.1,112,-0.225334823,"ANTA",-29,1,-4.17,4.09,"Electrona","antarctica",167,"fusiform / normal","No",1.48,21.2,"pelagic","migratory",0,1000,3,10.3,"SL",NA,"Myctophidae","Myctophiformes","No","Yes","No",3.21,0.35,3.14,0.39,3.21,0.35,"No","No","Polar",-3.94752724387259,1.33931402164942,-7.49232503169386,3.44689815222901
"14","BAS_62","BAS","8","Electrona antarctica","ELN","JR16003/129/2","RYAN",1,"Y",-54.99,-49.105,2016,NA,NA,NA,NA,6.2,0,"M",2017,-54.66,-45.2,82,208,0,1.85,-0.1,145,-0.371859103,"SANT",-24,2,-4.11,3.78,"Electrona","antarctica",167,"fusiform / normal","No",1.48,21.2,"pelagic","migratory",0,1000,3,10.3,"SL",NA,"Myctophidae","Myctophiformes","No","Yes","No",3.21,0.35,3.14,0.39,3.21,0.35,"No","No","Polar",-2.45078693055151,1.18825058006052,-5.62906816855021,4.17934826685255
"15","BAS_65","BAS","11","Electrona antarctica","ELN","JR16003/113/1","RYAN",1,"Y",-54.99,-49.105,2016,NA,NA,NA,NA,1.3,0,"M",2017,-55.29,-41.35,196.7,398,2.06,1.85,-0.09,297.35,-0.055642206,"ANTA",-29,1,-3.76,3.81,"Electrona","antarctica",167,"fusiform / normal","No",1.48,21.2,"pelagic","migratory",0,1000,3,10.3,"SL",NA,"Myctophidae","Myctophiformes","No","Yes","No",3.21,0.35,3.14,0.39,3.21,0.35,"No","No","Polar",-1.52408825492376,1.21612198319034,-4.6908768152143,5.09679479654928
"16","BAS_67","BAS","4","Electrona antarctica","ELN","JR16003/113/2","RYAN",1,"Y",-54.99,-49.105,2016,NA,NA,NA,NA,3.3,0,"M",2017,-55.3,-41.36,27.7,210.6,0.6,1.85,-0.1,119.15,-0.372243345,"ANTA",-29,1,-4.81,3.89,"Electrona","antarctica",167,"fusiform / normal","No",1.48,21.2,"pelagic","migratory",0,1000,3,10.3,"SL",NA,"Myctophidae","Myctophiformes","No","Yes","No",3.21,0.35,3.14,0.39,3.21,0.35,"No","No","Polar",-2.92414711379709,1.19201907708935,-5.81007187529001,3.1431019974505
"17","BAS_69","BAS","3","Electrona antarctica","ELN","JR16003/146/2","RYAN",1,"Y",-54.99,-49.105,2016,NA,NA,NA,NA,6,0,"M",2017,-53.95,-49.19,398.3,707.9,2.74,1.9,-0.1,553.1,-0.021559155,"SANT",-24,2,-5.24,4.08,"Electrona","antarctica",167,"fusiform / normal","No",1.48,21.2,"pelagic","migratory",0,1000,3,10.3,"SL",NA,"Myctophidae","Myctophiformes","No","Yes","No",3.21,0.35,3.14,0.39,3.21,0.35,"No","No","Polar",-2.95316510335914,1.30624521895132,-6.33825787427964,4.12617357313912
"18","BAS_71","BAS","2","Electrona antarctica","ELN","JR16003/112/2","RYAN",1,"Y",-54.99,-49.105,2016,NA,NA,NA,NA,7.7,0,"F",2016,-55.26,-41.2,NA,NA,NA,1.85,-0.09,NA,-0.372243345,"ANTA",-29,1,-5.22,3.73,"Electrona","antarctica",167,"fusiform / normal","No",1.48,21.2,"pelagic","migratory",0,1000,3,10.3,"SL",NA,"Myctophidae","Myctophiformes","No","Yes","No",3.21,0.35,3.14,0.39,3.21,0.35,"No","No","Polar",-1.96401489325746,1.18682659057753,-4.79251650506978,3.98993661256019
"19","BAS_72","BAS","5","Electrona antarctica","ELN","JR16003/129/2","RYAN",1,"Y",-54.99,-49.105,2016,NA,NA,NA,NA,6.1,0,"F",2017,-54.66,-45.2,82,208,0,1.85,-0.1,145,-0.371859103,"SANT",-24,2,-4.52,3.64,"Electrona","antarctica",167,"fusiform / normal","No",1.48,21.2,"pelagic","migratory",0,1000,3,10.3,"SL",NA,"Myctophidae","Myctophiformes","No","Yes","No",3.21,0.35,3.14,0.39,3.21,0.35,"No","No","Polar",-1.69188724416195,1.18583615191552,-4.86102793776081,4.92032855507352
"20","BAS_73","BAS","158","Electrona carlsbergi","ELC","JR177/357/1",NA,1,"Y",-50.55,-34.05,2008,NA,NA,NA,NA,4.8,0,"M",2008,-50.55,-34.05,3.8,206.8,NA,1.95,-0.1,105.3,-0.366572708,"SANT",-24,2,-3.11,2.92,"Electrona","carlsbergi",167,"fusiform / normal","No",1.14,21.2,"pelagic","migratory",0,400,3,9.6,"SL",14.6,"Myctophidae","Myctophiformes","No","Yes","No",3.22,NA,3.24,0.41,3.22,0,"Yes","Yes","Polar",2.55141442946754,1.33788995948998,-0.659018146883067,9.30563937587894
"21","BAS_74","BAS","201","Electrona carlsbergi","ELC","JR38/185/1",NA,NA,"Y",-55.23,-36.15,1998,NA,NA,NA,NA,6.3,0,"M",1998,-53.34,-39.13,NA,NA,NA,1.9,-0.1,NA,-0.372505248,"ANTA",-29,1,-3.03,3.41,"Electrona","carlsbergi",167,"fusiform / normal","No",1.14,21.2,"pelagic","migratory",0,400,3,9.6,"SL",14.6,"Myctophidae","Myctophiformes","No","Yes","No",3.22,NA,3.24,0.41,3.22,0,"Yes","Yes","Polar",-0.369642568814202,1.19672889586535,-3.27180931290157,5.72942900345683
"22","BAS_75","BAS","148","Electrona carlsbergi","ELC","JR177/357/1",NA,1,"Y",-50.55,-34.05,2008,NA,NA,NA,NA,5.2,0,"U",2008,-50.55,-34.05,3.8,206.8,NA,1.95,-0.1,105.3,-0.366572708,"SANT",-24,2,-2.71,3.03,"Electrona","carlsbergi",167,"fusiform / normal","No",1.14,21.2,"pelagic","migratory",0,400,3,9.6,"SL",14.6,"Myctophidae","Myctophiformes","No","Yes","No",3.22,NA,3.24,0.41,3.22,0,"Yes","Yes","Polar",2.2535084622567,1.22671486887101,-0.713849708890675,8.4922022573814
"23","BAS_76","BAS","150","Electrona carlsbergi","ELC","JR177/357/1",NA,2,"Y",-50.55,-34.05,2008,NA,NA,NA,NA,5.5,0.3,"U",2008,-50.55,-34.05,3.8,206.8,NA,1.95,-0.1,105.3,-0.366572708,"SANT",-24,2,-2.73,2.94,"Electrona","carlsbergi",167,"fusiform / normal","No",1.14,21.2,"pelagic","migratory",0,400,3,9.6,"SL",14.6,"Myctophidae","Myctophiformes","No","Yes","No",3.22,NA,3.24,0.41,3.22,0,"Yes","Yes","Polar",2.4466035475993,1.33528131142713,-0.757725574412359,9.18796171060272
"24","BAS_77","BAS","145","Electrona carlsbergi","ELC","JR177/357/1",NA,1,"Y",-50.55,-34.05,2008,NA,NA,NA,NA,6,0,"U",2008,-50.55,-34.05,3.8,206.8,NA,1.95,-0.1,105.3,-0.366572708,"SANT",-24,2,-2.51,3.4,"Electrona","carlsbergi",167,"fusiform / normal","No",1.14,21.2,"pelagic","migratory",0,400,3,9.6,"SL",14.6,"Myctophidae","Myctophiformes","No","Yes","No",3.22,NA,3.24,0.41,3.22,0,"Yes","Yes","Polar",0.258550100590231,1.19442128038546,-2.62138703170223,6.31516544977139
"25","BAS_78","BAS","146","Electrona carlsbergi","ELC","JR177/357/1",NA,1,"Y",-50.55,-34.05,2008,NA,NA,NA,NA,6.4,0,"U",2008,-50.55,-34.05,3.8,206.8,NA,1.95,-0.1,105.3,-0.366572708,"SANT",-24,2,-3.13,2.87,"Electrona","carlsbergi",167,"fusiform / normal","No",1.14,21.2,"pelagic","migratory",0,400,3,9.6,"SL",14.6,"Myctophidae","Myctophiformes","No","Yes","No",3.22,NA,3.24,0.41,3.22,0,"Yes","Yes","Polar",2.81347401749117,1.34470372737235,-0.412249578059838,9.59983353906948
"26","BAS_79","BAS","152","Electrona carlsbergi","ELC","JR177/357/1",NA,2,"Y",-50.55,-34.05,2008,NA,NA,NA,NA,5.9,1.2,"U",2008,-50.55,-34.05,3.8,206.8,NA,1.95,-0.1,105.3,-0.366572708,"SANT",-24,2,-3.06,3.21,"Electrona","carlsbergi",167,"fusiform / normal","No",1.14,21.2,"pelagic","migratory",0,400,3,9.6,"SL",14.6,"Myctophidae","Myctophiformes","No","Yes","No",3.22,NA,3.24,0.41,3.22,0,"Yes","Yes","Polar",1.30953949403076,1.20769777478869,-1.6022165566543,7.43310326989545
"27","BAS_80","BAS","151","Electrona carlsbergi","ELC","JR177/357/1",NA,2,"Y",-50.55,-34.05,2008,NA,NA,NA,NA,5.75,0.05,"U",2008,-50.55,-34.05,3.8,206.8,NA,1.95,-0.1,105.3,-0.366572708,"SANT",-24,2,-2.54,3.03,"Electrona","carlsbergi",167,"fusiform / normal","No",1.14,21.2,"pelagic","migratory",0,400,3,9.6,"SL",14.6,"Myctophidae","Myctophiformes","No","Yes","No",3.22,NA,3.24,0.41,3.22,0,"Yes","Yes","Polar",2.2535084622567,1.22671486887101,-0.713849708890675,8.4922022573814
"28","BAS_81","BAS","147","Electrona carlsbergi","ELC","JR177/357/1",NA,1,"Y",-50.55,-34.05,2008,NA,NA,NA,NA,5.8,0,"U",2008,-50.55,-34.05,3.8,206.8,NA,1.95,-0.1,105.3,-0.366572708,"SANT",-24,2,-2.56,2.85,"Electrona","carlsbergi",167,"fusiform / normal","No",1.14,21.2,"pelagic","migratory",0,400,3,9.6,"SL",14.6,"Myctophidae","Myctophiformes","No","Yes","No",3.22,NA,3.24,0.41,3.22,0,"Yes","Yes","Polar",2.91846978717603,1.34754503001404,-0.313542150530545,9.7175112043457
"29","BAS_82","BAS","149","Electrona carlsbergi","ELC","JR177/357/1",NA,2,"Y",-50.55,-34.05,2008,NA,NA,NA,NA,5.35,0.05,"U",2008,-50.55,-34.05,3.8,206.8,NA,1.95,-0.1,105.3,-0.366572708,"SANT",-24,2,-2.36,2.97,"Electrona","carlsbergi",167,"fusiform / normal","No",1.14,21.2,"pelagic","migratory",0,400,3,9.6,"SL",14.6,"Myctophidae","Myctophiformes","No","Yes","No",3.22,NA,3.24,0.41,3.22,0,"Yes","Yes","Polar",2.28936996575142,1.33149477986235,-0.905786715706299,9.0114452126884
"30","BAS_83","BAS","149","Electrona carlsbergi","ELC","JR177/357/1",NA,2,"Y",-50.55,-34.05,2008,NA,NA,NA,NA,5.35,0.05,"U",2008,-50.55,-34.05,3.8,206.8,NA,1.95,-0.1,105.3,-0.366572708,"SANT",-24,2,-3.03,3.37,"Electrona","carlsbergi",167,"fusiform / normal","No",1.14,21.2,"pelagic","migratory",0,400,3,9.6,"SL",14.6,"Myctophidae","Myctophiformes","No","Yes","No",3.22,NA,3.24,0.41,3.22,0,"Yes","Yes","Polar",0.428589796809906,1.19604291270643,-2.45447863008743,6.49168194768571
"31","BAS_84","BAS","150","Electrona carlsbergi","ELC","JR177/357/1",NA,2,"Y",-50.55,-34.05,2008,NA,NA,NA,NA,5.5,0.3,"U",2008,-50.55,-34.05,3.8,206.8,NA,1.95,-0.1,105.3,-0.366572708,"SANT",-24,2,-2.98,3.02,"Electrona","carlsbergi",167,"fusiform / normal","No",1.14,21.2,"pelagic","migratory",0,400,3,9.6,"SL",14.6,"Myctophidae","Myctophiformes","No","Yes","No",3.22,NA,3.24,0.41,3.22,0,"Yes","Yes","Polar",2.30587596404035,1.22794956818104,-0.66449599512603,8.55104109001951
"32","BAS_85","BAS","151","Electrona carlsbergi","ELC","JR177/357/1",NA,2,"Y",-50.55,-34.05,2008,NA,NA,NA,NA,5.75,0.05,"U",2008,-50.55,-34.05,3.8,206.8,NA,1.95,-0.1,105.3,-0.366572708,"SANT",-24,2,-3.51,2.88,"Electrona","carlsbergi",167,"fusiform / normal","No",1.14,21.2,"pelagic","migratory",0,400,3,9.6,"SL",14.6,"Myctophidae","Myctophiformes","No","Yes","No",3.22,NA,3.24,0.41,3.22,0,"Yes","Yes","Polar",2.76100882082851,1.34330778684707,-0.461603291824483,9.54099470643138
"33","BAS_86","BAS","155","Electrona carlsbergi","ELC","JR177/357/1",NA,1,"Y",-50.55,-34.05,2008,NA,NA,NA,NA,5.6,0,"M",2008,-50.55,-34.05,3.8,206.8,NA,1.95,-0.1,105.3,-0.366572708,"SANT",-24,2,-2.77,3.21,"Electrona","carlsbergi",167,"fusiform / normal","No",1.14,21.2,"pelagic","migratory",0,400,3,9.6,"SL",14.6,"Myctophidae","Myctophiformes","No","Yes","No",3.22,NA,3.24,0.41,3.22,0,"Yes","Yes","Polar",1.30953949403076,1.20769777478869,-1.6022165566543,7.43310326989545
"34","BAS_87","BAS","153","Electrona carlsbergi","ELC","JR177/357/1",NA,1,"Y",-50.55,-34.05,2008,NA,NA,NA,NA,7.4,0,"M",2008,-50.55,-34.05,3.8,206.8,NA,1.95,-0.1,105.3,-0.366572708,"SANT",-24,2,-2.43,3.38,"Electrona","carlsbergi",167,"fusiform / normal","No",1.14,21.2,"pelagic","migratory",0,400,3,9.6,"SL",14.6,"Myctophidae","Myctophiformes","No","Yes","No",3.22,NA,3.24,0.41,3.22,0,"Yes","Yes","Polar",0.371858618562874,1.19548241420386,-2.51011476395903,6.43284311504761
"35","BAS_88","BAS","154","Electrona carlsbergi","ELC","JR177/357/1",NA,NA,"Y",-50.55,-34.05,2008,NA,NA,NA,NA,7.7,0,"M",2008,-50.55,-34.05,3.8,206.8,NA,1.95,-0.1,105.3,-0.366572708,"SANT",-24,2,-2.73,2.87,"Electrona","carlsbergi",167,"fusiform / normal","No",1.14,21.2,"pelagic","migratory",0,400,3,9.6,"SL",14.6,"Myctophidae","Myctophiformes","No","Yes","No",3.22,NA,3.24,0.41,3.22,0,"Yes","Yes","Polar",2.81347401749117,1.34470372737235,-0.412249578059838,9.59983353906948
"36","BAS_89","BAS","157","Electrona carlsbergi","ELC","JR177/357/1",NA,1,"Y",-50.55,-34.05,2008,NA,NA,NA,NA,5.8,0,"F",2008,-50.55,-34.05,3.8,206.8,NA,1.95,-0.1,105.3,-0.366572708,"SANT",-24,2,-2.99,3.07,"Electrona","carlsbergi",167,"fusiform / normal","No",1.14,21.2,"pelagic","migratory",0,400,3,9.6,"SL",14.6,"Myctophidae","Myctophiformes","No","Yes","No",3.22,NA,3.24,0.41,3.22,0,"Yes","Yes","Polar",2.04387067336158,1.22196122274099,-0.911264563949259,8.25684692682897
"37","BAS_90","BAS","103","Gymnoscopelus braueri","GYR","JR15004/66/1",NA,1,"Y",-60.0328,-46.6157,2016,NA,NA,NA,NA,8.7,0,"M",2016,-60.03,-46.62,200,400,NA,1.8,-0.08,300,-0.261639535,"APLR",-30,0.5,-5.18,3.8,"Gymnoscopelus","braueri",167,"elongated","No",1.08,13.3,"pelagic","migratory",0,1000,4,13.2,"SL",NA,"Myctophidae","Myctophiformes","No","Yes","No",3.22,0.32,3.29,0.42,3.22,0.32,"No","No","Polar",-2.12277398081158,1.22079288264831,-5.42769034648631,4.75972112024053
"38","BAS_91","BAS","117","Gymnoscopelus braueri","GYR","JR15004/60/1",NA,1,"Y",-59.9641,-47.1774,2016,NA,NA,NA,NA,8.6,0,"M",2016,-59.96,-47.18,700,1000,NA,1.8,-0.08,850,-0.120896734,"APLR",-30,0.5,-5.17,4.03,"Gymnoscopelus","braueri",167,"elongated","No",1.08,13.3,"pelagic","migratory",0,1000,4,13.2,"SL",NA,"Myctophidae","Myctophiformes","No","Yes","No",3.22,0.32,3.29,0.42,3.22,0.32,"No","No","Polar",-3.03481290993511,1.33313663405335,-6.49062584439355,4.19275474204908
"39","BAS_93","BAS","#113","Gymnoscopelus braueri","GYR","JR15004/96/1",NA,1,"Y",-60.3073,-46.7017,2016,NA,NA,NA,NA,15.6,0,"F",2016,-60.31,-46.31,200,400,NA,1.8,-0.08,300,-0.261639535,"APLR",-30,0.5,-5.04,3.98,"Gymnoscopelus","braueri",167,"elongated","No",1.08,13.3,"pelagic","migratory",0,1000,4,13.2,"SL",NA,"Myctophidae","Myctophiformes","No","Yes","No",3.22,0.32,3.29,0.42,3.22,0.32,"No","No","Polar",-3.20379314725619,1.22738901114578,-6.57244013798407,3.80703217824213
"40","BAS_94","BAS","114","Gymnoscopelus braueri","GYR","JR15004/96/1",NA,1,"Y",-60.3073,-46.7017,2016,NA,NA,NA,NA,16.3,0,"M",2016,-60.31,-46.31,200,400,NA,1.8,-0.08,300,-0.261639535,"APLR",-30,0.5,-4.72,4.32,"Gymnoscopelus","braueri",167,"elongated","No",1.08,13.3,"pelagic","migratory",0,1000,4,13.2,"SL",NA,"Myctophidae","Myctophiformes","No","Yes","No",3.22,0.32,3.29,0.42,3.22,0.32,"No","No","Polar",-5.23478298686833,1.35070246667573,-8.93158336686924,2.46618096714219
"41","BAS_95","BAS","#111","Gymnoscopelus braueri","GYR","JR15004/96/1",NA,1,"Y",-60.3073,-46.7017,2016,NA,NA,NA,NA,10.4,0,"J",2016,-60.31,-46.31,200,400,NA,1.8,-0.08,300,-0.261639535,"APLR",-30,0.5,-4.21,4.19,"Gymnoscopelus","braueri",167,"elongated","No",1.08,13.3,"pelagic","migratory",0,1000,4,13.2,"SL",NA,"Myctophidae","Myctophiformes","No","Yes","No",3.22,0.32,3.29,0.42,3.22,0.32,"No","No","Polar",-4.45303810641277,1.33786981961209,-8.1048196285653,3.15423409191881
"42","BAS_96","BAS","22","Gymnoscopelus braueri","GYR","JR177/305/2",NA,2,"Y",-52.86,-40.1,2008,NA,NA,NA,NA,6.4,0,"F",2008,-52.86,-40.1,15.5,206,NA,1.9,-0.1,110.75,-0.372630805,"SANT",-24,2,-4.27,4.13,"Gymnoscopelus","braueri",167,"elongated","No",1.08,13.3,"pelagic","migratory",0,1000,4,13.2,"SL",NA,"Myctophidae","Myctophiformes","No","Yes","No",3.22,0.32,3.29,0.42,3.22,0.32,"No","No","Polar",-4.29112381350405,1.30436276509398,-7.76763718069684,2.96340966032274
"43","BAS_97","BAS","24","Gymnoscopelus braueri","GYR","JR177/305/2",NA,1,"Y",-52.86,-40.1,2008,NA,NA,NA,NA,3.5,0,"J",2008,-52.86,-40.1,15.5,206,NA,1.9,-0.1,110.75,-0.372630805,"SANT",-24,2,-4.53,3.6,"Gymnoscopelus","braueri",167,"elongated","No",1.08,13.3,"pelagic","migratory",0,1000,4,13.2,"SL",NA,"Myctophidae","Myctophiformes","No","Yes","No",3.22,0.32,3.29,0.42,3.22,0.32,"No","No","Polar",-1.12310754404957,1.18508280554742,-4.20014694967514,5.30987697686543
"44","BAS_98","BAS","#108","Gymnoscopelus braueri","GYR","JR15004/96/1",NA,1,"Y",-60.3073,-46.7017,2016,NA,NA,NA,NA,8.4,0,"F",2016,-60.31,-46.31,200,400,NA,1.8,-0.08,300,-0.261639535,"APLR",-30,0.5,-4.14,3.91,"Gymnoscopelus","braueri",167,"elongated","No",1.08,13.3,"pelagic","migratory",0,1000,4,13.2,"SL",NA,"Myctophidae","Myctophiformes","No","Yes","No",3.22,0.32,3.29,0.42,3.22,0.32,"No","No","Polar",-2.78286387158312,1.2240688073105,-6.12725966351272,4.17752232235262
"45","BAS_99","BAS","25","Gymnoscopelus braueri","GYR","JR177/305/2",NA,1,"Y",-52.86,-40.1,2008,NA,NA,NA,NA,5,0,"J",2008,-52.86,-40.1,15.5,206,NA,1.9,-0.1,110.75,-0.372630805,"SANT",-24,2,-4.87,3.94,"Gymnoscopelus","braueri",167,"elongated","No",1.08,13.3,"pelagic","migratory",0,1000,4,13.2,"SL",NA,"Myctophidae","Myctophiformes","No","Yes","No",3.22,0.32,3.29,0.42,3.22,0.32,"No","No","Polar",-3.16353715546458,1.19315343408303,-6.36245211139313,3.51035341975734
"46","BAS_100","BAS","27","Gymnoscopelus braueri","GYR","JR177/305/2",NA,1,"Y",-52.86,-40.1,2008,NA,NA,NA,NA,5.9,0,"J",2008,-52.86,-40.1,15.5,206,NA,1.9,-0.1,110.75,-0.372630805,"SANT",-24,2,-4.34,3.83,"Gymnoscopelus","braueri",167,"elongated","No",1.08,13.3,"pelagic","migratory",0,1000,4,13.2,"SL",NA,"Myctophidae","Myctophiformes","No","Yes","No",3.22,0.32,3.29,0.42,3.22,0.32,"No","No","Polar",-2.50283447035888,1.18797980499051,-5.66288279436673,4.09255221764526
"47","BAS_101","BAS","28","Gymnoscopelus braueri","GYR","JR177/305/2",NA,1,"Y",-52.86,-40.1,2008,NA,NA,NA,NA,9.4,0,"J",2008,-52.86,-40.1,15.5,206,NA,1.9,-0.1,110.75,-0.372630805,"SANT",-24,2,-3.81,3.9,"Gymnoscopelus","braueri",167,"elongated","No",1.08,13.3,"pelagic","migratory",0,1000,4,13.2,"SL",NA,"Myctophidae","Myctophiformes","No","Yes","No",3.22,0.32,3.29,0.42,3.22,0.32,"No","No","Polar",-2.9232522574519,1.1909908958576,-6.10806326883808,3.72206207353477
"48","BAS_102","BAS","20","Gymnoscopelus braueri","GYR","JR177/305/2",NA,1,"Y",-52.86,-40.1,2008,NA,NA,NA,NA,20.7,0,"M",2008,-52.86,-40.1,15.5,206,NA,1.9,-0.1,110.75,-0.372630805,"SANT",-24,2,-4.52,4.25,"Gymnoscopelus","braueri",167,"elongated","No",1.08,13.3,"pelagic","migratory",0,1000,4,13.2,"SL",NA,"Myctophidae","Myctophiformes","No","Yes","No",3.22,0.32,3.29,0.42,3.22,0.32,"No","No","Polar",-5.01285042929579,1.31620889499221,-8.53080370836201,2.32828369899047
"49","BAS_103","BAS","#109","Gymnoscopelus braueri","GYR","JR15004/96/1",NA,1,"Y",-60.3073,-46.7017,2016,NA,NA,NA,NA,6.2,0,"J",2016,-60.31,-46.31,200,400,NA,1.8,-0.08,300,-0.261639535,"APLR",-30,0.5,-5.01,3.79,"Gymnoscopelus","braueri",167,"elongated","No",1.08,13.3,"pelagic","migratory",0,1000,4,13.2,"SL",NA,"Myctophidae","Myctophiformes","No","Yes","No",3.22,0.32,3.29,0.42,3.22,0.32,"No","No","Polar",-2.06254898280569,1.22061333967741,-5.36409313584755,4.81264828368488
"50","BAS_104","BAS","#110","Gymnoscopelus braueri","GYR","JR15004/96/1",NA,1,"Y",-60.3073,-46.7017,2016,NA,NA,NA,NA,14.1,0,"F",2016,-60.31,-46.31,200,400,NA,1.8,-0.08,300,-0.261639535,"APLR",-30,0.5,-4.19,3.98,"Gymnoscopelus","braueri",167,"elongated","No",1.08,13.3,"pelagic","migratory",0,1000,4,13.2,"SL",NA,"Myctophidae","Myctophiformes","No","Yes","No",3.22,0.32,3.29,0.42,3.22,0.32,"No","No","Polar",-3.20379314725619,1.22738901114578,-6.57244013798407,3.80703217824213
"51","BAS_105","BAS","116","Gymnoscopelus braueri","GYR","JR15004/60/1",NA,1,"Y",-59.9641,-47.1774,2016,NA,NA,NA,NA,11.3,0,"M",2016,-59.96,-47.18,700,1000,NA,1.8,-0.08,850,-0.120896734,"APLR",-30,0.5,-4.25,4.09,"Gymnoscopelus","braueri",167,"elongated","No",1.08,13.3,"pelagic","migratory",0,1000,4,13.2,"SL",NA,"Myctophidae","Myctophiformes","No","Yes","No",3.22,0.32,3.29,0.42,3.22,0.32,"No","No","Polar",-3.40758847591671,1.33640420623409,-6.87220910822613,3.83834763061422
"52","BAS_106","BAS","107","Gymnoscopelus braueri","GYR","JR15004/66/1",NA,1,"Y",-60.0328,-46.6157,2016,NA,NA,NA,NA,13.9,0,"F",2016,-60.03,-46.62,200,400,NA,1.8,-0.08,300,-0.261639535,"APLR",-30,0.5,-4.19,3.98,"Gymnoscopelus","braueri",167,"elongated","No",1.08,13.3,"pelagic","migratory",0,1000,4,13.2,"SL",NA,"Myctophidae","Myctophiformes","No","Yes","No",3.22,0.32,3.29,0.42,3.22,0.32,"No","No","Polar",-3.20379314725619,1.22738901114578,-6.57244013798407,3.80703217824213
"53","BAS_107","BAS","21","Gymnoscopelus braueri","GYR","JR177/305/2",NA,1,"Y",-52.86,-40.1,2008,NA,NA,NA,NA,6.4,0,"F",2008,-52.86,-40.1,15.5,206,NA,1.9,-0.1,110.75,-0.372630805,"SANT",-24,2,-4.08,3.9,"Gymnoscopelus","braueri",167,"elongated","No",1.08,13.3,"pelagic","migratory",0,1000,4,13.2,"SL",NA,"Myctophidae","Myctophiformes","No","Yes","No",3.22,0.32,3.29,0.42,3.22,0.32,"No","No","Polar",-2.9232522574519,1.1909908958576,-6.10806326883808,3.72206207353477
"54","BAS_110","BAS","102","Gymnoscopelus braueri","GYR","JR15004/73/1",NA,1,"Y",-60.1027,-46.0406,2016,NA,NA,NA,NA,13.9,0,"M",2016,-60.1,-46.04,200,400,NA,1.8,-0.08,300,-0.261639535,"APLR",-30,0.5,-4.91,4.08,"Gymnoscopelus","braueri",167,"elongated","No",1.08,13.3,"pelagic","migratory",0,1000,4,13.2,"SL",NA,"Myctophidae","Myctophiformes","No","Yes","No",3.22,0.32,3.29,0.42,3.22,0.32,"No","No","Polar",-3.79109994788286,1.3293144933267,-7.40525031153889,3.73643288980672
"55","BAS_111","BAS","101","Gymnoscopelus braueri","GYR","JR15004/73/1",NA,1,"Y",-60.1027,-46.0406,2016,NA,NA,NA,NA,16.1,0,"F",2016,-60.1,-46.04,200,400,NA,1.8,-0.08,300,-0.261639535,"APLR",-30,0.5,-5.19,4.36,"Gymnoscopelus","braueri",167,"elongated","No",1.08,13.3,"pelagic","migratory",0,1000,4,13.2,"SL",NA,"Myctophidae","Myctophiformes","No","Yes","No",3.22,0.32,3.29,0.42,3.22,0.32,"No","No","Polar",-5.4753884033146,1.35523246363812,-9.1859722094243,2.25447231336477
"56","BAS_112","BAS","#112","Gymnoscopelus braueri","GYR","JR15004/96/1",NA,1,"Y",-60.3073,-46.7017,2016,NA,NA,NA,NA,10.4,0,"J",2016,-60.31,-46.31,200,400,NA,1.8,-0.08,300,-0.261639535,"APLR",-30,0.5,-4.1,3.87,"Gymnoscopelus","braueri",167,"elongated","No",1.08,13.3,"pelagic","migratory",0,1000,4,13.2,"SL",NA,"Myctophidae","Myctophiformes","No","Yes","No",3.22,0.32,3.29,0.42,3.22,0.32,"No","No","Polar",-2.54278506716568,1.22260209573959,-5.87287082095766,4.38923097613004
"57","BAS_120","BAS","119","Gymnoscopelus nicholsi","GYN","JR15004/96/2",NA,1,"Y",-60.3073,-46.7017,2016,NA,NA,NA,NA,30.1,0,"M",2016,-60.31,-46.31,0,200,NA,1.8,-0.08,100,-0.326009512,"APLR",-30,0.5,-2.59,3.18,"Gymnoscopelus","nicholsi",167,"elongated","No",1.33,14.6,"pelagic",NA,0,700,4,16.1,"SL",NA,"Myctophidae","Myctophiformes","No","Yes","No",3.39,0.33,3.14,0.32,3.39,0.33,"No","No","Polar",1.45000090440605,1.23029441695797,-1.47919322015183,7.61639670704679
"58","BAS_121","BAS","123","Gymnoscopelus nicholsi","GYN","JR15004/96/2",NA,1,"Y",-60.3073,-46.7017,2016,NA,NA,NA,NA,25.1,0,"M",2016,-60.31,-46.31,0,200,NA,1.8,-0.08,100,-0.326009512,"APLR",-30,0.5,-2.19,3.24,"Gymnoscopelus","nicholsi",167,"elongated","No",1.33,14.6,"pelagic",NA,0,700,4,16.1,"SL",NA,"Myctophidae","Myctophiformes","No","Yes","No",3.39,0.33,3.14,0.32,3.39,0.33,"No","No","Polar",1.10035203361867,1.22486433566847,-1.81301002338143,7.23390782948787
"59","BAS_122","BAS","126","Gymnoscopelus nicholsi","GYN","JR15004/96/2",NA,1,"Y",-60.3073,-46.7017,2016,NA,NA,NA,NA,38.7,0,"M",2016,-60.31,-46.31,0,200,NA,1.8,-0.08,100,-0.326009512,"APLR",-30,0.5,-2.5,3.02,"Gymnoscopelus","nicholsi",167,"elongated","No",1.33,14.6,"pelagic",NA,0,700,4,16.1,"SL",NA,"Myctophidae","Myctophiformes","No","Yes","No",3.39,0.33,3.14,0.32,3.39,0.33,"No","No","Polar",2.36785527798572,1.24806871164557,-0.613018156790565,8.6363670472039
"60","BAS_123","BAS","124","Gymnoscopelus nicholsi","GYN","JR15004/96/2",NA,1,"Y",-60.3073,-46.7017,2016,NA,NA,NA,NA,25.3,0,"M",2016,-60.31,-46.31,0,200,NA,1.8,-0.08,100,-0.326009512,"APLR",-30,0.5,-2.43,3.21,"Gymnoscopelus","nicholsi",167,"elongated","No",1.33,14.6,"pelagic",NA,0,700,4,16.1,"SL",NA,"Myctophidae","Myctophiformes","No","Yes","No",3.39,0.33,3.14,0.32,3.39,0.33,"No","No","Polar",1.27518814234115,1.22749385699114,-1.64610162176663,7.42515226826733
"61","BAS_124","BAS","122","Gymnoscopelus nicholsi","GYN","JR15004/96/2",NA,1,"Y",-60.3073,-46.7017,2016,NA,NA,NA,NA,21,0,"M",2016,-60.31,-46.31,0,200,NA,1.8,-0.08,100,-0.326009512,"APLR",-30,0.5,-2.5,2.91,"Gymnoscopelus","nicholsi",167,"elongated","No",1.33,14.6,"pelagic",NA,0,700,4,16.1,"SL",NA,"Myctophidae","Myctophiformes","No","Yes","No",3.39,0.33,3.14,0.32,3.39,0.33,"No","No","Polar",2.79462126003563,1.35850355500441,-0.510021234678929,9.73702196446313
"62","BAS_125","BAS","125","Gymnoscopelus nicholsi","GYN","JR15004/96/2",NA,1,"Y",-60.3073,-46.7017,2016,NA,NA,NA,NA,32.2,0,"M",2016,-60.31,-46.31,0,200,NA,1.8,-0.08,100,-0.326009512,"APLR",-30,0.5,-2.74,3.37,"Gymnoscopelus","nicholsi",167,"elongated","No",1.33,14.6,"pelagic",NA,0,700,4,16.1,"SL",NA,"Myctophidae","Myctophiformes","No","Yes","No",3.39,0.33,3.14,0.32,3.39,0.33,"No","No","Polar",0.342645781991322,1.21547180226746,-2.53627976371224,6.40518192811022
"63","BAS_126","BAS","120","Gymnoscopelus nicholsi","GYN","JR15004/96/2",NA,1,"Y",-60.3073,-46.7017,2016,NA,NA,NA,NA,32.2,0,"M",2016,-60.31,-46.31,0,200,NA,1.8,-0.08,100,-0.326009512,"APLR",-30,0.5,-2.4,3.18,"Gymnoscopelus","nicholsi",167,"elongated","No",1.33,14.6,"pelagic",NA,0,700,4,16.1,"SL",NA,"Myctophidae","Myctophiformes","No","Yes","No",3.39,0.33,3.14,0.32,3.39,0.33,"No","No","Polar",1.45000090440605,1.23029441695797,-1.47919322015183,7.61639670704679
"64","BAS_127","BAS","121","Gymnoscopelus nicholsi","GYN","JR15004/96/2",NA,1,"Y",-60.3073,-46.7017,2016,NA,NA,NA,NA,37.7,0,"M",2016,-60.31,-46.31,0,200,NA,1.8,-0.08,100,-0.326009512,"APLR",-30,0.5,-2.25,3.14,"Gymnoscopelus","nicholsi",167,"elongated","No",1.33,14.6,"pelagic",NA,0,700,4,16.1,"SL",NA,"Myctophidae","Myctophiformes","No","Yes","No",3.39,0.33,3.14,0.32,3.39,0.33,"No","No","Polar",1.68308744151984,1.23429253452175,-1.25664868466542,7.87138929208606
"65","BAS_128","BAS","#3","Gymnoscopelus nicholsi","GYN","JR177/161/2",NA,1,"Y",-59.69,-44.09,2008,NA,NA,NA,NA,35.5,0,"F",2008,-59.68,-44.03,203.3,403.6,NA,1.8,-0.08,303.45,-0.250252336,"APLR",-30,0.5,-2.36,3.06,"Gymnoscopelus","nicholsi",167,"elongated","No",1.33,14.6,"pelagic",NA,0,700,4,16.1,"SL",NA,"Myctophidae","Myctophiformes","No","Yes","No",3.39,0.33,3.14,0.32,3.39,0.33,"No","No","Polar",2.36203238774338,1.26166110290731,-0.966931002909202,9.30902955063549
"66","BAS_220","BAS","#3","Gymnoscopelus nicholsi","GYN","JR177/161/2",NA,1,"Y",-59.69,-44.09,2008,NA,NA,NA,NA,35.5,0,"F",2008,-59.68,-44.03,203.3,403.6,NA,1.8,-0.08,303.45,-0.250252336,"APLR",-30,0.5,-3.17,3.13,"Gymnoscopelus","nicholsi",167,"elongated","No",1.33,14.6,"pelagic",NA,0,700,4,16.1,"SL",NA,"Myctophidae","Myctophiformes","No","Yes","No",3.39,0.33,3.14,0.32,3.39,0.33,"No","No","Polar",1.95399592461384,1.2534672635075,-1.37309405687626,8.89555458729481
"67","BAS_129","BAS","#75","Gymnoscopelus nicholsi","GYN","JR177/165/2",NA,1,"Y",-59.68,-44.14,2008,NA,NA,NA,NA,28.4,0,"F",2008,-59.69,-44.09,11.4,209,NA,1.8,-0.08,110.2,-0.322681218,"APLR",-30,0.5,-2.59,3.42,"Gymnoscopelus","nicholsi",167,"elongated","No",1.33,14.6,"pelagic",NA,0,700,4,16.1,"SL",NA,"Myctophidae","Myctophiformes","No","Yes","No",3.39,0.33,3.14,0.32,3.39,0.33,"No","No","Polar",0.366042976578175,1.21107410009043,-3.04286807902933,7.44941403831283
"68","BAS_130","BAS","#66","Gymnoscopelus nicholsi","GYN","JR177/334/2",NA,1,"Y",-52.64,-39.09,2008,NA,NA,NA,NA,23.2,0,"F",2008,-52.64,-39.09,406.9,719.6,NA,1.9,-0.11,563.25,0.03448984,"SANT",-24,2,-2.87,3.48,"Gymnoscopelus","nicholsi",167,"elongated","No",1.33,14.6,"pelagic",NA,0,700,4,16.1,"SL",NA,"Myctophidae","Myctophiformes","No","Yes","No",3.39,0.33,3.14,0.32,3.39,0.33,"No","No","Polar",0.631073436417276,1.20383588630291,-2.51262271638371,7.20066898665799
"69","BAS_145","BAS","#15","Krefftichthys anderssoni","KRA","JR177/328/1",NA,1,"C",-52.72,-39.08,2008,NA,NA,NA,NA,0.7,0,"F",2008,-52.72,-39.08,204.1,405,NA,1.9,-0.11,304.55,-0.052425493,"SANT",-24,2,-3.61,3.94,"Krefftichthys","anderssoni",167,"elongated","No",1.41,18.1,"pelagic","migratory",0,1000,2,7.1,"SL",NA,"Myctophidae","Myctophiformes","No","Yes","No",NA,NA,3.06,0.19,3.06,0.19,"Yes","Yes","Polar",-2.07093101570626,1.21466521103484,-5.21223609101804,4.50001211639836
"70","BAS_146","BAS","25","Krefftichthys anderssoni","KRA","JR16003/129/1","RAS",1,"C",-54.99,-49.105,2016,NA,NA,NA,NA,0.7,0,"F",2017,-54.68,-45.22,195.6,406.8,1.65,1.85,-0.1,301.2,-0.086165227,"SANT",-24,2,-3.83,3.57,"Krefftichthys","anderssoni",167,"elongated","No",1.41,18.1,"pelagic","migratory",0,1000,2,7.1,"SL",NA,"Myctophidae","Myctophiformes","No","Yes","No",NA,NA,3.06,0.19,3.06,0.19,"Yes","Yes","Polar",-0.927323216704083,1.21899063706895,-4.33434241068115,6.15998406153689
"71","BAS_151","BAS","48","Krefftichthys anderssoni","KRA","JR16003/146/2","RAS",1,"C",-54.99,-49.105,2016,NA,NA,NA,NA,1,0,"F",2017,-53.95,-49.19,398.3,707.9,2.74,1.9,-0.1,553.1,-0.021559155,"SANT",-24,2,-5.07,3.44,"Krefftichthys","anderssoni",167,"elongated","No",1.41,18.1,"pelagic","migratory",0,1000,2,7.1,"SL",NA,"Myctophidae","Myctophiformes","No","Yes","No",NA,NA,3.06,0.19,3.06,0.19,"Yes","Yes","Polar",0.56570091467324,1.2161415151402,-2.68091522969159,7.33814156336576
"72","BAS_152","BAS","43","Krefftichthys anderssoni","KRA","JR16003/113/1","RAS",1,"C",-54.99,-49.105,2016,NA,NA,NA,NA,3.7,0,NA,2017,-55.29,-41.35,196.7,398,2.06,1.85,-0.09,297.35,-0.055642206,"ANTA",-29,1,-4.39,3.77,"Krefftichthys","anderssoni",167,"elongated","No",1.41,18.1,"pelagic","migratory",0,1000,2,7.1,"SL",NA,"Myctophidae","Myctophiformes","No","Yes","No",NA,NA,3.06,0.19,3.06,0.19,"Yes","Yes","Polar",-1.29891595835711,1.21611457976557,-4.47143674927448,5.33306620417252
"73","BAS_153","BAS","47","Krefftichthys anderssoni","KRA","JR16003/146/1","RAS",1,"C",-54.99,-49.105,2016,NA,NA,NA,NA,1,0,"M",2017,-53.94,-49.17,699.1,991.1,2.46,1.9,-0.1,845.1,0.016341919,"SANT",-24,2,-4.28,3.5,"Krefftichthys","anderssoni",167,"elongated","No",1.41,18.1,"pelagic","migratory",0,1000,2,7.1,"SL",NA,"Myctophidae","Myctophiformes","No","Yes","No",NA,NA,3.06,0.19,3.06,0.19,"Yes","Yes","Polar",0.370231850004302,1.20912923619243,-2.71392277947197,6.82280572651182
"74","BAS_155","BAS","33","Krefftichthys anderssoni","KRA","JR16003/147/1","RAS",1,"C",-54.99,-49.105,2016,NA,NA,NA,NA,1.3,0,"M",2017,-53.96,-49.24,198.3,398.5,2.71,1.9,-0.1,298.4,-0.11608272,"SANT",-24,2,-3.25,3.36,"Krefftichthys","anderssoni",167,"elongated","No",1.41,18.1,"pelagic","migratory",0,1000,2,7.1,"SL",NA,"Myctophidae","Myctophiformes","No","Yes","No",NA,NA,3.06,0.19,3.06,0.19,"Yes","Yes","Polar",0.732647971848904,1.24824235967108,-2.05828592627877,6.63845867866568
"75","BAS_156","BAS","40","Krefftichthys anderssoni","KRA","JR16003/129/2","RAS",1,"C",-54.99,-49.105,2016,NA,NA,NA,NA,0.5,0,"M",2017,-54.66,-45.2,82,208,0,1.85,-0.1,145,-0.371859103,"SANT",-24,2,-4.49,3.72,"Krefftichthys","anderssoni",167,"elongated","No",1.41,18.1,"pelagic","migratory",0,1000,2,7.1,"SL",NA,"Myctophidae","Myctophiformes","No","Yes","No",NA,NA,3.06,0.19,3.06,0.19,"Yes","Yes","Polar",-2.12558085711642,1.18672817541337,-5.29990806964047,4.49691124751868
"76","BAS_165","BAS","54","Krefftichthys anderssoni","KRA","JR16003/129/2","RAS",1,"C",-54.99,-49.105,2016,NA,NA,NA,NA,0.9,0,"M",2017,-54.66,-45.2,82,208,0,1.85,-0.1,145,-0.371859103,"SANT",-24,2,-4.24,3.6,"Krefftichthys","anderssoni",167,"elongated","No",1.41,18.1,"pelagic","migratory",0,1000,2,7.1,"SL",NA,"Myctophidae","Myctophiformes","No","Yes","No",NA,NA,3.06,0.19,3.06,0.19,"Yes","Yes","Polar",-1.47545409035163,1.18587869042084,-4.64158787182098,5.13203720885094
"77","BAS_166","BAS","45","Krefftichthys anderssoni","KRA","JR16003/147/1","RAS",1,"C",-54.99,-49.105,2016,NA,NA,NA,NA,0.7,0,"M",2017,-53.96,-49.24,198.3,398.5,2.71,1.9,-0.1,298.4,-0.11608272,"SANT",-24,2,-4.04,3.64,"Krefftichthys","anderssoni",167,"elongated","No",1.41,18.1,"pelagic","migratory",0,1000,2,7.1,"SL",NA,"Myctophidae","Myctophiformes","No","Yes","No",NA,NA,3.06,0.19,3.06,0.19,"Yes","Yes","Polar",-0.782773507327891,1.23404407481338,-3.59436638785757,5.15649810222372
"78","BAS_167","BAS","44","Krefftichthys anderssoni","KRA","JR16003/129/2","RAS",1,"C",-54.99,-49.105,2016,NA,NA,NA,NA,3.1,0,"F",2017,-54.66,-45.2,82,208,0,1.85,-0.1,145,-0.371859103,"SANT",-24,2,-4.31,3.78,"Krefftichthys","anderssoni",167,"elongated","No",1.41,18.1,"pelagic","migratory",0,1000,2,7.1,"SL",NA,"Myctophidae","Myctophiformes","No","Yes","No",NA,NA,3.06,0.19,3.06,0.19,"Yes","Yes","Polar",-2.45078693055151,1.18825058006052,-5.62906816855021,4.17934826685255
"79","BAS_168","BAS","32","Krefftichthys anderssoni","KRA","JR16003/147/1","RAS",1,"C",-54.99,-49.105,2016,NA,NA,NA,NA,1.6,0,"M",2017,-53.96,-49.24,198.3,398.5,2.71,1.9,-0.1,298.4,-0.11608272,"SANT",-24,2,-4.2,3.14,"Krefftichthys","anderssoni",167,"elongated","No",1.41,18.1,"pelagic","migratory",0,1000,2,7.1,"SL",NA,"Myctophidae","Myctophiformes","No","Yes","No",NA,NA,3.06,0.19,3.06,0.19,"Yes","Yes","Polar",1.97165830315324,1.26978861835936,-0.851365563609716,7.94825749122789
"80","BAS_169","BAS","24","Krefftichthys anderssoni","KRA","JR16003/146/1","RAS",1,"C",-54.99,-49.105,2016,NA,NA,NA,NA,1.4,0,"F",2017,-53.94,-49.17,699.1,991.1,2.46,1.9,-0.1,845.1,0.016341919,"SANT",-24,2,-3.8,3.25,"Krefftichthys","anderssoni",167,"elongated","No",1.41,18.1,"pelagic","migratory",0,1000,2,7.1,"SL",NA,"Myctophidae","Myctophiformes","No","Yes","No",NA,NA,3.06,0.19,3.06,0.19,"Yes","Yes","Polar",1.77324882834338,1.23186660391736,-1.40634965002603,8.4165093830073
"81","BAS_170","BAS","46","Krefftichthys anderssoni","KRA","JR16003/129/1","RAS",1,"C",-54.99,-49.105,2016,NA,NA,NA,NA,1.7,0,"F",2017,-54.68,-45.22,195.6,406.8,1.65,1.85,-0.1,301.2,-0.086165227,"SANT",-24,2,-4.4,3.91,"Krefftichthys","anderssoni",167,"elongated","No",1.41,18.1,"pelagic","migratory",0,1000,2,7.1,"SL",NA,"Myctophidae","Myctophiformes","No","Yes","No",NA,NA,3.06,0.19,3.06,0.19,"Yes","Yes","Polar",-2.83179083254095,1.21463244241874,-6.1995829711697,4.17779514260492
"82","BAS_172","BAS","31","Krefftichthys anderssoni","KRA","JR16003/147/1","RAS",1,"C",-54.99,-49.105,2016,NA,NA,NA,NA,1,0,"M",2017,-53.96,-49.24,198.3,398.5,2.71,1.9,-0.1,298.4,-0.11608272,"SANT",-24,2,-3.95,3.65,"Krefftichthys","anderssoni",167,"elongated","No",1.41,18.1,"pelagic","migratory",0,1000,2,7.1,"SL",NA,"Myctophidae","Myctophiformes","No","Yes","No",NA,NA,3.06,0.19,3.06,0.19,"Yes","Yes","Polar",-0.837120105392116,1.23381778831598,-3.64922640434253,5.10357093877937
"83","BAS_174","BAS","21","Krefftichthys anderssoni","KRA","JR16003/129/2","RAS",1,"C",-54.99,-49.105,2016,NA,NA,NA,NA,1.8,0,"M",2017,-54.66,-45.2,82,208,0,1.85,-0.1,145,-0.371859103,"SANT",-24,2,-4.15,3.78,"Krefftichthys","anderssoni",167,"elongated","No",1.41,18.1,"pelagic","migratory",0,1000,2,7.1,"SL",NA,"Myctophidae","Myctophiformes","No","Yes","No",NA,NA,3.06,0.19,3.06,0.19,"Yes","Yes","Polar",-2.45078693055151,1.18825058006052,-5.62906816855021,4.17934826685255
"84","BAS_175","BAS","22","Krefftichthys anderssoni","KRA","JR16003/146/1","RAS",1,"C",-54.99,-49.105,2016,NA,NA,NA,NA,1,0,"F",2017,-53.94,-49.17,699.1,991.1,2.46,1.9,-0.1,845.1,0.016341919,"SANT",-24,2,-3.65,3.45,"Krefftichthys","anderssoni",167,"elongated","No",1.41,18.1,"pelagic","migratory",0,1000,2,7.1,"SL",NA,"Myctophidae","Myctophiformes","No","Yes","No",NA,NA,3.06,0.19,3.06,0.19,"Yes","Yes","Polar",0.650882878451021,1.2127155982416,-2.45240815358278,7.14154645781091
"85","BAS_176","BAS","23","Krefftichthys anderssoni","KRA","JR16003/146/1","RAS",1,"C",-54.99,-49.105,2016,NA,NA,NA,NA,0.8,0,"F",2017,-53.94,-49.17,699.1,991.1,2.46,1.9,-0.1,845.1,0.016341919,"SANT",-24,2,-4.16,3.52,"Krefftichthys","anderssoni",167,"elongated","No",1.41,18.1,"pelagic","migratory",0,1000,2,7.1,"SL",NA,"Myctophidae","Myctophiformes","No","Yes","No",NA,NA,3.06,0.19,3.06,0.19,"Yes","Yes","Polar",0.258701310581627,1.20783166462817,-2.81852862982765,6.69530943399218
"86","BAS_177","BAS","28","Krefftichthys anderssoni","KRA","JR16003/129/2","RAS",1,"C",-54.99,-49.105,2016,NA,NA,NA,NA,1.1,0,"M",2017,-54.66,-45.2,82,208,0,1.85,-0.1,145,-0.371859103,"SANT",-24,2,-3.65,3.49,"Krefftichthys","anderssoni",167,"elongated","No",1.41,18.1,"pelagic","migratory",0,1000,2,7.1,"SL",NA,"Myctophidae","Myctophiformes","No","Yes","No",NA,NA,3.06,0.19,3.06,0.19,"Yes","Yes","Polar",-0.879350929905473,1.18767422042056,-4.03812769048646,5.71423600673885
"87","BAS_178","BAS","26","Krefftichthys anderssoni","KRA","JR16003/129/2","RAS",1,"C",-54.99,-49.105,2016,NA,NA,NA,NA,1.5,0,"F",2017,-54.66,-45.2,82,208,0,1.85,-0.1,145,-0.371859103,"SANT",-24,2,-4.46,3.84,"Krefftichthys","anderssoni",167,"elongated","No",1.41,18.1,"pelagic","migratory",0,1000,2,7.1,"SL",NA,"Myctophidae","Myctophiformes","No","Yes","No",NA,NA,3.06,0.19,3.06,0.19,"Yes","Yes","Polar",-2.77651707608032,1.19050146613208,-5.95822826745995,3.86178528618642
"88","BAS_221","BAS","27","Krefftichthys anderssoni","KRA","JR16003/129/2","RAS",NA,"C",-54.99,-49.105,2016,NA,NA,NA,NA,0.9,0,"M",2017,-54.66,-45.2,82,208,0,1.85,-0.1,145,-0.371859103,"SANT",-24,2,-3.84,3.81,"Krefftichthys","anderssoni",167,"elongated","No",1.41,18.1,"pelagic","migratory",0,1000,2,7.1,"SL",NA,"Myctophidae","Myctophiformes","No","Yes","No",NA,NA,3.06,0.19,3.06,0.19,"Yes","Yes","Polar",-2.61366262548917,1.18928519005919,-5.79364821800508,4.02056677651948
"89","BAS_188","BAS","#26","Protomyctophum bolini","PRM","JR177/305/1","RAS",1,"Y",-52.83,-40.12,2008,NA,NA,NA,NA,1.8,0,"F",2008,-52.83,-40.12,200,401.2,NA,1.9,-0.1,300.6,-0.06824851,"SANT",-24,2,-3.13,3.85,"Protomyctophum","bolini",167,"fusiform / normal","No",0.91,21.4,"pelagic","migratory",200,400,NA,6.7,"SL",NA,"Myctophidae","Myctophiformes","No","Yes","No",3.04,0,3.09,0.26,3.04,0,"No","No","Polar",-1.86105445837861,1.21890410451512,-4.92651494336038,4.56469350562957
"90","BAS_189","BAS","#126","Protomyctophum bolini","PRM","JR177/301/1","RAS",1,"Y",-52.9,-40.21,2008,NA,NA,NA,NA,0.8,0,"M",2008,-52.9,-40.21,203,402,NA,1.9,-0.1,302.5,-0.06824851,"SANT",-24,2,-1.62,3.41,"Protomyctophum","bolini",167,"fusiform / normal","No",0.91,21.4,"pelagic","migratory",200,400,NA,6.7,"SL",NA,"Myctophidae","Myctophiformes","No","Yes","No",3.04,0,3.09,0.26,3.04,0,"No","No","Polar",0.788561587709582,1.23356971247521,-2.30505894472664,7.2684191272961
"91","BAS_191","BAS","#30","Protomyctophum bolini","PRM","JR177/301/1","RAS",NA,"Y",-52.9,-40.21,2008,NA,NA,NA,NA,0.6,0,"J",2008,-52.9,-40.21,203,402,NA,1.9,-0.1,302.5,-0.06824851,"SANT",-24,2,-2.27,3.49,"Protomyctophum","bolini",167,"fusiform / normal","No",0.91,21.4,"pelagic","migratory",200,400,NA,6.7,"SL",NA,"Myctophidae","Myctophiformes","No","Yes","No",3.04,0,3.09,0.26,3.04,0,"No","No","Polar",0.324029857539533,1.22808806395241,-2.74651502431583,6.75843395721754
"92","BAS_192","BAS","#25","Protomyctophum bolini","PRM","JR177/328/1","RAS",1,"Y",-52.72,-39.08,2008,NA,NA,NA,NA,1.6,0,"M",2008,-52.72,-39.08,204.1,405,NA,1.9,-0.11,304.55,-0.052425493,"SANT",-24,2,-3.07,3.99,"Protomyctophum","bolini",167,"fusiform / normal","No",0.91,21.4,"pelagic","migratory",200,400,NA,6.7,"SL",NA,"Myctophidae","Myctophiformes","No","Yes","No",3.04,0,3.09,0.26,3.04,0,"No","No","Polar",-2.3526136428412,1.21626609548915,-5.48653617344283,4.20467285686931
"93","BAS_193","BAS","#26","Protomyctophum bolini","PRM","JR177/328/1","RAS",1,"Y",-52.72,-39.08,2008,NA,NA,NA,NA,2.2,0,"F",2008,-52.72,-39.08,204.1,405,NA,1.9,-0.11,304.55,-0.052425493,"SANT",-24,2,-3.95,3.52,"Protomyctophum","bolini",167,"fusiform / normal","No",0.91,21.4,"pelagic","migratory",200,400,NA,6.7,"SL",NA,"Myctophidae","Myctophiformes","No","Yes","No",3.04,0,3.09,0.26,3.04,0,"No","No","Polar",0.204875329075186,1.22081488948325,-3.04102502990271,6.98086189644244
"94","BAS_194","BAS","#34","Protomyctophum bolini","PRM","JR177/301/1","RAS",1,"Y",-52.9,-40.21,2008,NA,NA,NA,NA,0.7,0,"J",2008,-52.9,-40.21,203,402,NA,1.9,-0.1,302.5,-0.06824851,"SANT",-24,2,-1.95,3.55,"Protomyctophum","bolini",167,"fusiform / normal","No",0.91,21.4,"pelagic","migratory",200,400,NA,6.7,"SL",NA,"Myctophidae","Myctophiformes","No","Yes","No",3.04,0,3.09,0.26,3.04,0,"No","No","Polar",-0.0245362077326283,1.22478905413694,-3.07760708400771,6.37594507965863
"95","BAS_195","BAS","#33","Protomyctophum bolini","PRM","JR177/301/1","RAS",1,"Y",-52.9,-40.21,2008,NA,NA,NA,NA,0.8,0,"M",2008,-52.9,-40.21,203,402,NA,1.9,-0.1,302.5,-0.06824851,"SANT",-24,2,-1.76,3.48,"Protomyctophum","bolini",167,"fusiform / normal","No",0.91,21.4,"pelagic","migratory",200,400,NA,6.7,"SL",NA,"Myctophidae","Myctophiformes","No","Yes","No",3.04,0,3.09,0.26,3.04,0,"No","No","Polar",0.382299300779628,1.2287058244549,-2.69133301436718,6.82218210347736
"96","BAS_196","BAS","#27","Protomyctophum bolini","PRM","JR177/328/1","RAS",1,"Y",-52.72,-39.08,2008,NA,NA,NA,NA,1.6,0,"F",2008,-52.72,-39.08,204.1,405,NA,1.9,-0.11,304.55,-0.052425493,"SANT",-24,2,-1.78,3.49,"Protomyctophum","bolini",167,"fusiform / normal","No",0.91,21.4,"pelagic","migratory",200,400,NA,6.7,"SL",NA,"Myctophidae","Myctophiformes","No","Yes","No",3.04,0,3.09,0.26,3.04,0,"No","No","Polar",0.362617841081978,1.22258689863983,-2.89296388860877,7.15806545215987
"97","BAS_200","BAS","64","Protomyctophum bolini","PRM","JR16003/112/2","RAS",1,"Y",-54.99,-49.105,2016,NA,NA,NA,NA,0.6,0,"M",2016,-55.26,-41.2,NA,NA,NA,1.85,-0.09,NA,-0.372243345,"ANTA",-29,1,-2.85,3.26,"Protomyctophum","bolini",167,"fusiform / normal","No",0.91,21.4,"pelagic","migratory",200,400,NA,6.7,"SL",NA,"Myctophidae","Myctophiformes","No","Yes","No",3.04,0,3.09,0.26,3.04,0,"No","No","Polar",0.626888337456476,1.20157138227152,-2.14521183321457,6.47751329444489
"98","BAS_201","BAS","59","Protomyctophum bolini","PRM","JR16003/112/2","RAS",NA,"Y",-54.99,-49.105,2016,NA,NA,NA,NA,2.3,0,"M",2016,-55.26,-41.2,NA,NA,NA,1.85,-0.09,NA,-0.372243345,"ANTA",-29,1,-3.37,3.32,"Protomyctophum","bolini",167,"fusiform / normal","No",0.91,21.4,"pelagic","migratory",200,400,NA,6.7,"SL",NA,"Myctophidae","Myctophiformes","No","Yes","No",3.04,0,3.09,0.26,3.04,0,"No","No","Polar",0.333636190853855,1.19722085815715,-2.42681225557511,6.15995031377876
"99","BAS_203","BAS","61","Protomyctophum bolini","PRM","JR16003/112/2","RAS",1,"Y",-54.99,-49.105,2016,NA,NA,NA,NA,1.7,0,"M",2016,-55.26,-41.2,NA,NA,NA,1.85,-0.09,NA,-0.372243345,"ANTA",-29,1,-3.43,3.71,"Protomyctophum","bolini",167,"fusiform / normal","No",0.91,21.4,"pelagic","migratory",200,400,NA,6.7,"SL",NA,"Myctophidae","Myctophiformes","No","Yes","No",3.04,0,3.09,0.26,3.04,0,"No","No","Polar",-1.84404815781278,1.18654230905333,-4.66532208379225,4.0957909394489
"100","BAS_204","BAS","62","Protomyctophum bolini","PRM","JR16003/112/2","RAS",1,"Y",-54.99,-49.105,2016,NA,NA,NA,NA,0.8,0,"M",2016,-55.26,-41.2,NA,NA,NA,1.85,-0.09,NA,-0.372243345,"ANTA",-29,1,-3.27,3.38,"Protomyctophum","bolini",167,"fusiform / normal","No",0.91,21.4,"pelagic","migratory",200,400,NA,6.7,"SL",NA,"Myctophidae","Myctophiformes","No","Yes","No",3.04,0,3.09,0.26,3.04,0,"No","No","Polar",0.0402867645227754,1.19358300962834,-2.70841267793566,5.84238733311263
"101","BAS_205","BAS","63","Protomyctophum bolini","PRM","JR16003/112/2","RAS",1,"Y",-54.99,-49.105,2016,NA,NA,NA,NA,1,0,"M",2016,-55.26,-41.2,NA,NA,NA,1.85,-0.09,NA,-0.372243345,"ANTA",-29,1,-3.33,3.65,"Protomyctophum","bolini",167,"fusiform / normal","No",0.91,21.4,"pelagic","migratory",200,400,NA,6.7,"SL",NA,"Myctophidae","Myctophiformes","No","Yes","No",3.04,0,3.09,0.26,3.04,0,"No","No","Polar",-1.48421459996311,1.1861777342196,-4.28373881995967,4.41335392011503
"102","BAS_212","BAS","70","Protomyctophum bolini","PRM","JR16003/113/1","RAS",1,"Y",-54.99,-49.105,2016,NA,NA,NA,NA,1.1,0,"M",2017,-55.29,-41.35,196.7,398,2.06,1.85,-0.09,297.35,-0.055642206,"ANTA",-29,1,-3.88,3.64,"Protomyctophum","bolini",167,"fusiform / normal","No",0.91,21.4,"pelagic","migratory",200,400,NA,6.7,"SL",NA,"Myctophidae","Myctophiformes","No","Yes","No",3.04,0,3.09,0.26,3.04,0,"No","No","Polar",-0.567405226478157,1.21828270520429,-3.75825653497003,6.10094827894807
"103","BAS_213","BAS","74","Protomyctophum bolini","PRM","JR16003/129/1","RAS",1,"C",-54.99,-49.105,2016,NA,NA,NA,NA,1.7,0,"F",2017,-54.68,-45.22,195.6,406.8,1.65,1.85,-0.1,301.2,-0.086165227,"SANT",-24,2,-3.72,3.52,"Protomyctophum","bolini",167,"fusiform / normal","No",0.91,21.4,"pelagic","migratory",200,400,NA,6.7,"SL",NA,"Myctophidae","Myctophiformes","No","Yes","No",3.04,0,3.09,0.26,3.04,0,"No","No","Polar",-0.638241297635504,1.22155911630824,-4.06004232825637,6.47872479283599
"104","BAS_214","BAS","77","Protomyctophum bolini","PRM","JR16003/129/1","RAS",1,"Y",-54.99,-49.105,2016,NA,NA,NA,NA,0.5,0,"M",2017,-54.68,-45.22,195.6,406.8,1.65,1.85,-0.1,301.2,-0.086165227,"SANT",-24,2,-3.08,3.94,"Protomyctophum","bolini",167,"fusiform / normal","No",0.91,21.4,"pelagic","migratory",200,400,NA,6.7,"SL",NA,"Myctophidae","Myctophiformes","No","Yes","No",3.04,0,3.09,0.26,3.04,0,"No","No","Polar",-2.99449441711481,1.2153503622441,-6.36416302062456,4.01901365227185
"105","BAS_215","BAS","78","Protomyctophum bolini","PRM","JR16003/129/1","RAS",1,"Y",-54.99,-49.105,2016,NA,NA,NA,NA,1.9,0,"F",2017,-54.68,-45.22,195.6,406.8,1.65,1.85,-0.1,301.2,-0.086165227,"SANT",-24,2,-3.4,3.67,"Protomyctophum","bolini",167,"fusiform / normal","No",0.91,21.4,"pelagic","migratory",200,400,NA,6.7,"SL",NA,"Myctophidae","Myctophiformes","No","Yes","No",3.04,0,3.09,0.26,3.04,0,"No","No","Polar",-1.5056883633019,1.21532847326083,-4.88294257553072,5.5225025989387
"106","BAS_217","BAS","76","Protomyctophum bolini","PRM","JR16003/129/1","RAS",1,"Y",-54.99,-49.105,2016,NA,NA,NA,NA,1.5,0,"M",2017,-54.68,-45.22,195.6,406.8,1.65,1.85,-0.1,301.2,-0.086165227,"SANT",-24,2,-4.02,3.71,"Protomyctophum","bolini",167,"fusiform / normal","No",0.91,21.4,"pelagic","migratory",200,400,NA,6.7,"SL",NA,"Myctophidae","Myctophiformes","No","Yes","No",3.04,0,3.09,0.26,3.04,0,"No","No","Polar",-1.73711001348869,1.21441739475311,-5.10238264147055,5.26751001389942
"107","BAS_218","BAS","75","Protomyctophum bolini","PRM","JR16003/129/1","RAS",1,"Y",-54.99,-49.105,2016,NA,NA,NA,NA,1.2,0,"M",2017,-54.68,-45.22,195.6,406.8,1.65,1.85,-0.1,301.2,-0.086165227,"SANT",-24,2,-2.97,3.83,"Protomyctophum","bolini",167,"fusiform / normal","No",0.91,21.4,"pelagic","migratory",200,400,NA,6.7,"SL",NA,"Myctophidae","Myctophiformes","No","Yes","No",3.04,0,3.09,0.26,3.04,0,"No","No","Polar",-2.39803387068415,1.2135917204885,-5.76070283929004,4.60121245015976
"108","BAS_219","BAS","66","Protomyctophum bolini","PRM","JR16003/113/1","RAS",1,"C",-54.99,-49.105,2016,NA,NA,NA,NA,2.1,0,"F",2017,-55.29,-41.35,196.7,398,2.06,1.85,-0.09,297.35,-0.055642206,"ANTA",-29,1,-3.9,3.8,"Protomyctophum","bolini",167,"fusiform / normal","No",0.91,21.4,"pelagic","migratory",200,400,NA,6.7,"SL",NA,"Myctophidae","Myctophiformes","No","Yes","No",3.04,0,3.09,0.26,3.04,0,"No","No","Polar",-1.46779111519781,1.21609034768417,-4.63601679872935,5.15586264845509
